0.405448,
2.31145,
1.79092,
-0.0638851,
-0.0376168,
-0.555635,
18.0632,
95.8726,
4.70205,
27.6378,
4.47919,
-0.000128667,
-0.432186,
305.264,
-0.0497256,
4.95809,
0.891674,
0.647667,
26.9727,
-0.440034,
-0.674619,
-0.0347595,
4.51431,
-0.316429,
2.05217,
62.5974,
1.83746,
0.899394,
73.9857,
0.596589,
2.30465,
-0.0732842,
-0.0128212,
38.2276,
-0.422837,
-1.43525,
0.967961,
4.71617,
15.6959,
0.983428,
9.25321,
6.44226,
16.3005,
-1.08644,
-0.114473,
61.0914,
0.978186,
0.910081,
4.59265,
69.2629,
3.79056,
101.937,
-2.71411,
-0.44383,
4.61159,
104.515,
18.5728,
3.74293,
88.3043,
0.93546,
-1.00214,
2.37169,
4.00368,
-0.169023,
2.33176,
2.3798,
1.29815,
0.996734,
25.801,
2.39488,
54.2602,
257.933,
30.8644,
0.387862,
4.93088,
20.3057,
3.98983,
-0.355839,
2.39352,
-0.619198,
0.509154,
64.222,
-0.539122,
4.7569,
-0.0148213,
-0.319373,
11.362,
-0.060491,
0.664909,
0.789354,
-0.694985,
-0.520487,
3.24119,
1.4938,
0.920681,
0.550365,
35.1455,
4.01643,
-0.44502,
5.02262,
14.7184,
19.3649,
4.49865,
1.74498,
0.982249,
0.859731,
0.98267,
3.89844,
0.831204,
0.18522,
14.5635,
-0.21161,
4.5855,
1.7931,
8.36781,
2.342,
8.1413,
-1.04596,
-0.198864,
0.394864,
1.27651,
18.1539,
16.2923,
2.32419,
17.8047,
18.0195,
0.52823,
9.04726,
0.241628,
2.30144,
5.02641,
4.76659,
1.44793,
-0.47341,
0.971179,
-0.0270601,
-0.121722,
68.6793,
3.14412,
0.779088,
66.1185,
177.035,
1.28179,
-0.255036,
-1.13545,
9.92737,
154.926,
39.0044,
0.995435,
70.1256,
16.7472,
2.37538,
17.6929,
2.325,
-0.823289,
0.766012,
-0.111721,
0.665276,
5.92966,
0.292005,
6.07266,
1.43017,
0.644105,
-0.317538,
-1.05237,
4.1066,
10.899,
42.076,
24.7708,
2.05014,
8.95959,
8.87565,
-0.478107,
-1.02794,
-8.76234,
0.661636,
0.278955,
8.81387,
3.9522,
-1.00389,
82.6757,
374.204,
2.83317,
4.78974,
0.926965,
-0.0094288,
3.67771,
1.77273,
139.341,
2.5984,
-0.32929,
66.1215,
0.997339,
9.05811,
-0.0172393,
2.13901,
2.37942,
-0.219782,
3.19712,
-0.0799323,
2.3577,
8.13412,
7.58886,
2.84281,
0.98048,
-0.0680379,
2.01812,
-0.173125,
2.33061,
5.01606,
4.87499,
15.8733,
-0.101107,
-1.53567,
4.43512,
-1.52918,
-1.01063,
9.63418,
2.0793,
9.86971,
-0.0559956,
0.79653,
-0.0424415,
554.868,
51.055,
4.67504,
7.15616,
0.389244,
-0.211209,
0.351335,
6.56908,
-0.0224353,
0.659483,
0.0605781,
6.73098,
1.73428,
2.13643,
25.7406,
0.876705,
108883,
-0.0172446,
-1.53461,
3.67274,
-0.489038,
-0.112256,
0.615705,
-0.105396,
4.68029,
0.165243,
2.93469,
2.41072,
-0.530687,
8.23847,
0.186279,
-1.09742,
583.424,
82.8296,
0.952697,
20.0469,
14.4401,
-2.79567,
0.94799,
0.999151,
0.974014,
2.39489,
2.28422,
-0.772068,
-2.42806,
-0.189106,
48.8536,
-1.0697,
-0.273161,
13.7578,
16.2909,
-1.55675,
-0.0206257,
6.04046,
-1.24932,
-1.02483,
7.28757,
-0.425009,
16.5859,
-0.378523,
117.224,
0.782876,
-0.024723,
46.1365,
0.979503,
0.809143,
28.4877,
4.66113,
-0.00515914,
0.862732,
3.99035,
53.7846,
-0.000195522,
8.88524,
0.78469,
2.09819,
-0.0660471,
1.71088,
0.634032,
6.69811,
7.12236,
-2.43634,
-1.49963,
-0.225515,
1.29688,
0.795524,
6.63122,
22.0887,
-2.77589,
2.27201,
-0.315509,
47.3833,
4.96639,
13.7319,
-0.438862,
4.29923,
7.00588,
-0.680527,
-0.458218,
67.0778,
-1.78777,
16.0708,
0.874856,
-0.468638,
42.9794,
-2.51138,
1.98859,
-0.425544,
5.92835,
-4.50722,
0.99607,
12.2525,
-1.10165,
210.317,
-0.0162619,
9.98872,
-0.449484,
8.17946,
119.407,
-1.88191,
786.198,
-0.419062,
4.90487,
4.92715,
0.354315,
8.61304,
3.92081,
-1.13279,
1.35744,
0.968509,
1.83494,
59.1934,
30.6192,
30.985,
-0.445528,
2.27356,
1.79168,
8.58098,
1.54032,
60.9686,
-1.55566,
-0.0484807,
2.3316,
6.07183,
0.990959,
0.294324,
4.67607,
-0.0546747,
23.4803,
-1.03389,
1.82219,
293.354,
9.88014,
149.197,
26.783,
-0.0199047,
66.2915,
1.12252,
100.38,
21.8698,
-0.0108403,
44.6153,
-0.266049,
14.837,
3.03693,
4.58139,
0.296955,
5.85394,
0.620751,
-1.00006,
0.977994,
30.3817,
1.86997,
0.499128,
-1.04771,
-0.212201,
12.7587,
67.4597,
48.7616,
4.50526,
13.5786,
0.575064,
-1.50318,
108.588,
0.813948,
15.0508,
544.774,
1.98542,
-1.21923,
-0.0276257,
9.54401,
0.928768,
105.152,
37.4555,
1.48797,
0.81712,
49.9378,
0.459768,
1.59192,
52.0007,
121.613,
-0.422765,
66.5846,
10.0371,
10.7676,
4.80043,
-0.216728,
12.9837,
0.39836,
4.78188,
21.2196,
1.99431,
-0.924916,
-0.0478805,
56.8171,
12.7708,
17.2267,
4.73283,
57.2131,
6.98436,
3.97939,
0.986207,
0.849849,
28.0049,
10.1678,
-2.57545,
4.75255,
8.66729,
9.06507,
-0.0203717,
-0.0143983,
-0.0125714,
77.2148,
2.83159,
7.12046,
-0.103693,
2.26862,
0.666791,
1.815,
1.44117,
8.08367,
0.983543,
0.953693,
-0.0562577,
4.27181,
127.973,
-0.012419,
3.12696,
97.0803,
-0.0238116,
-0.490375,
0.803275,
-2.6853,
0.980992,
0.957644,
0.631777,
34.3608,
-1.03521,
0.957513,
47.667,
16.7433,
8.71352,
4.87069,
44.9355,
105.322,
-0.552944,
0.88251,
0.640919,
17.9199,
2.31373,
-0.0635909,
83.3015,
2.31662,
0.955451,
12.7003,
26.2907,
220.988,
1.14042,
1.67858,
-1.15405,
33.2135,
0.655275,
3.11403,
4.48716,
-0.201151,
3.64089,
-0.426109,
64.9662,
15.962,
99.5547,
9.70349,
142.158,
1.4966,
4.48107,
1.90254,
-0.0505995,
11.0607,
0.346825,
5.01485,
0.398809,
2.25766,
-1.03329,
-0.0213024,
-0.114394,
166.868,
29.8394,
1.77738,
-0.0160352,
0.825612,
1.77543,
0.658715,
0.978794,
0.392324,
-0.042707,
0.785138,
-0.486564,
4.98915,
2.3233,
406.712,
1.56159,
0.336691,
-0.00454559,
1.79023,
-0.115368,
1.8176,
-0.204544,
-0.526631,
-0.114655,
3.85797,
47.0104,
6.55009,
6.46736,
59.6319,
46.8512,
-0.508523,
112.488,
-1.11102,
-0.00356843,
-0.539686,
72.1141,
52.9395,
32.9487,
2.36342,
50.9905,
46.0575,
-1.92876,
0.652189,
10.4603,
0.664799,
2.34607,
8.78996,
2.22922,
0.974543,
2.33069,
4.50648,
0.0740025,
4.82856,
0.587554,
1.38071,
-0.0456344,
4.62209,
0.146025,
17.6024,
-1.04094,
0.36362,
15.3658,
1.82243,
18.6797,
4.8089,
19.619,
0.276891,
2.41354,
2.4045,
9.34811,
0.163102,
3.28642,
2.27876,
-1.00923,
47.0791,
7.11785,
0.990892,
-0.563041,
-1.34639,
4.04239,
1.73505,
0.393987,
0.400114,
2.36414,
39.3974,
17.2475,
0.384365,
10.0877,
-0.0173619,
3.03902,
2.17816,
3.3755,
-0.0429646,
-0.000898378,
1.20856,
0.956417,
80.2924,
-0.224936,
0.920661,
1503.31,
3.72479,
10.3364,
9.11383,
19.8438,
4.18365,
28.1981,
-0.207484,
124.905,
-1.179,
13.952,
9.18552,
2.31257,
0.966857,
22.2623,
317.595,
4.03354,
1.84035,
-0.490641,
-1.0165,
62.4543,
0.744772,
0.94771,
0.553133,
4.76423,
-0.632801,
3.23632,
1.432,
170.396,
0.941609,
4.07999,
4.46545,
0.96313,
1.7901,
43.125,
-0.201081,
2.25426,
80.6751,
0.329859,
2.70961,
15.3848,
15.7547,
0.984593,
28.896,
3.09087,
43.6054,
72.7367,
-0.0165199,
-0.297882,
7.16623,
2.22213,
19.888,
0.879956,
100.435,
3.82771,
-0.00551901,
0.387932,
8.58194,
396.458,
53.6395,
14.6917,
0.525418,
2.40317,
1.35191,
2.04018,
2.0737,
22.2131,
0.296762,
2.38126,
15.1255,
6.33921,
-0.0693782,
1.44526,
14.7523,
0.965261,
0.967217,
0.586274,
0.985708,
0.294704,
203.518,
26.8502,
-0.0124988,
2.33742,
4.47808,
-0.229973,
-0.0293727,
77.6906,
65.1345,
16.5565,
9.45169,
-1.42915,
-0.208385,
2.05773,
50.8426,
13.5297,
3.08031,
-0.619463,
0.611734,
45.8534,
0.399342,
-0.215241,
88.0216,
38.9165,
20.1513,
4.61912,
4.39868,
2.27953,
-0.27511,
0.935652,
-0.0177911,
6.18674,
43.4247,
29.0053,
2.0333,
88.1893,
20.2423,
42.5214,
0.130701,
66.2131,
1.43329,
-0.0199967,
19.5914,
-1.02889,
13.6176,
3.81049,
33.0493,
0.936324,
-0.0025926,
3.04195,
55.4354,
-11.7687,
2.14666,
-0.590011,
359.723,
-0.556509,
8.12195,
15.9179,
0.192654,
-0.00327008,
-0.465451,
2.33966,
0.749683,
43.0057,
-0.0331437,
-0.116794,
33.3225,
0.923885,
20.3259,
-0.00947794,
-0.0186516,
-0.464566,
6.89581,
-0.201976,
203.861,
4.90414,
3.29028,
4.94009,
-0.0107902,
41.8101,
1.70482,
2.7422,
-0.07072,
4.33495,
43.9068,
-0.0187921,
17.2222,
2.10393,
3.12618,
203.78,
0.394122,
749.119,
-0.0218108,
24.1224,
-0.114343,
-0.0201255,
3.77786,
0.975003,
1.67467,
4.72269,
85.1356,
4.70181,
-0.117598,
-2.89983,
-0.215803,
41.8635,
0.533696,
6.21914,
124.922,
-0.0228624,
6.37863,
68.2896,
4.09417,
34.9089,
0.819247,
-0.0171064,
20.1198,
-0.092367,
10.533,
0.0813255,
0.229652,
-1.03288,
5.97699,
0.751213,
0.95699,
0.872537,
0.940285,
27.1392,
11.5539,
1.8892,
36.5187,
2.04307,
0.397947,
16.7753,
1.90241,
0.954225,
80.4721,
2.39957,
3.85341,
-1.35494,
8.89573,
65.4607,
0.9662,
15.47,
-1.04684,
-0.107045,
2.60495,
26.0698,
2.38042,
4.8385,
-0.0213273,
0.953668,
8.39126,
0.881242,
1.81059,
14.8427,
5.80846,
0.189209,
0.245409,
8.13274,
0.307063,
9.0407,
-0.00570923,
-0.0790031,
21.0485,
0.991277,
6.67466,
9.56143,
67.6133,
44.7109,
0.976064,
-0.0092393,
-1.57355,
0.998516,
1.43834,
239.336,
4.67025,
0.648152,
8.15523,
25.8979,
4.83703,
-2.91675,
2.65669,
-0.0550356,
10.3584,
6.55319,
0.990433,
-1.13803,
0.334722,
1.69271,
-0.010558,
9.10832,
29.9885,
0.975871,
2.28351,
46.8915,
4.28237,
0.926423,
2.2797,
99.3316,
3.50762,
40.8534,
2.31056,
0.396309,
2.17872,
-0.16348,
151.582,
0.512447,
-1.03137,
0.993562,
6.5037,
9.40855,
-0.0139009,
-0.476595,
-0.108672,
-0.0315464,
15.5954,
2.91879,
-0.127161,
0.393205,
-0.12249,
8.89014,
-0.123147,
3.19234,
0.251926,
2.36815,
-0.207179,
0.330951,
4.30371,
14.7661,
-0.221497,
0.0827452,
16.8905,
0.912438,
5229.55,
3.23042,
-0.484558,
87.6796,
-0.0319599,
-1.91972,
8.45562,
2.08652,
4.5249,
-0.0332657,
1.37073,
-0.452018,
32.7937,
0.246345,
10.4679,
-0.00811721,
6.49851,
1426.36,
0.65327,
8.03746,
0.213175,
18.029,
-0.0120182,
-0.0187895,
108.102,
0.138529,
-0.308136,
0.989392,
0.94163,
9.0772,
0.915338,
-1.28647,
9.29287,
-0.0126656,
2.27825,
0.58627,
1423.35,
0.962543,
69.64,
0.991468,
4.17611,
1.34611,
0.711258,
-0.00125484,
2.22135,
8.85545,
0.910083,
-0.0715346,
-0.265047,
3.06089,
0.666676,
4.40754,
0.982462,
23.7682,
27.6288,
20.1246,
1258.24,
-0.984684,
3.20767,
0.0285376,
0.966571,
255.453,
0.99317,
-1.50724,
-0.132368,
1.49596,
1.4202,
4.71908,
1.43104,
2.05582,
-0.0135548,
0.966828,
-0.418508,
2.10213,
13.9766,
40.3089,
1.4426,
0.756964,
8.48567,
8.43323,
0.978348,
12.4984,
3.07438,
17.0043,
3.14318,
14.749,
53.0137,
-0.0827145,
-0.0190836,
4.33338,
43.8849,
0.879975,
18.2458,
-2.03008,
0.983671,
-0.2496,
1.22225,
635.382,
2.27624,
1.92875,
-0.0274435,
-0.0191649,
7.31996,
1.29384,
30.4778,
4.90885,
2.84148,
0.969489,
3.891,
1.79267,
3.78551,
-0.0292783,
114.899,
0.933099,
-1.55497,
6.08771,
107.222,
0.380184,
1.35375,
0.870022,
28.3927,
49.4507,
4.60649,
-0.0718069,
0.971103,
-0.0225066,
0.785717,
13.8627,
8.96503,
-5.50787,
8.04418,
6.36475,
2.40007,
-3.79643,
36.5385,
0.336392,
103.248,
-1.24605,
13.7735,
4.60845,
52.1181,
0.984414,
2.18999,
161.895,
-0.0403543,
-0.419874,
192.931,
2.15872,
-0.206981,
1.99676,
0.576862,
163.669,
93.4179,
33.7434,
8.97071,
-0.0997468,
2.22794,
4.60821,
-0.0172396,
-2.52131,
-0.0111637,
177.427,
5.11584,
0.901971,
-1.54947,
2.27668,
41.2028,
1178.35,
-0.00184741,
0.966589,
9.77524,
3.71599,
8.56107,
-0.00368407,
2.31352,
1398.79,
2.23336,
-0.294353,
7.9092,
0.921926,
-0.225042,
-0.246295,
287.992,
0.823466,
0.972337,
-0.0207984,
3.00182,
-0.199969,
11.7651,
17.6497,
33.8825,
1.42355,
86.8235,
0.16303,
7.07207,
239.835,
12.7611,
1.11759,
-1.03951,
45.7264,
0.921805,
15.4791,
61.0158,
-0.0593918,
-0.0882136,
6.20127,
1.60573,
15.8413,
2.0116,
6.42111,
-1.24781,
0.78683,
1.81202,
-1.51063,
4.654,
110.509,
0.221174,
50.6508,
157.25,
-0.433229,
-2.21894,
31.4488,
4.32593,
1.30888,
0.181438,
-0.439136,
2.83487,
9.72035,
-0.442255,
0.824325,
4.33121,
1.79033,
47.8977,
49.4709,
133.256,
1.78804,
112.002,
252.171,
-1.68204,
-0.00152853,
0.392408,
2.28056,
-1.1447,
145.54,
-1.22367,
26.2248,
8.27841,
2.30731,
0.191962,
1021.31,
0.88765,
0.934165,
0.980577,
-0.0408819,
8.44956,
57.483,
271.176,
-0.129952,
-0.0240021,
-1.55783,
4.66238,
0.399745,
2.30957,
10.023,
-0.0778336,
2.00962,
0.989428,
1.84183,
2.05018,
15.5232,
70.5752,
13.8045,
24.7168,
1.45145,
-0.0560558,
5.0011,
50.021,
0.0425819,
3.76907,
23.5006,
-0.581899,
0.407795,
83.5623,
0.819946,
13.0669,
1.17169,
3.7472,
10.1632,
-0.225764,
0.876584,
-0.430851,
3.94695,
3.84073,
13.5437,
0.799142,
-0.154428,
-0.00189993,
47.0339,
4.28438,
12.5691,
-0.122378,
-0.0797295,
1.69275,
54.9036,
-0.47227,
-5.33111,
-0.0396506,
0.608868,
-0.422133,
-0.202762,
0.645831,
-3.02555,
3.4628,
-1.00763,
0.642734,
4.57131,
96.5025,
1.82005,
5.01832,
-0.00317505,
-0.113462,
-0.00856794,
0.940363,
0.808424,
-0.125374,
-1.1511,
-2.42112,
-0.00302657,
1.27491,
1.86706,
4.92646,
6.15438,
135.843,
2.26141,
-0.013181,
7.51991,
26.6964,
22.8321,
0.806847,
0.666933,
8.30645,
-0.0647548,
-0.433585,
2.34398,
1.47821,
72.4596,
-0.0699655,
0.253842,
-0.0278067,
-0.0203508,
-0.325835,
18.2438,
6.90778,
0.6189,
33.1723,
16.7193,
-0.0507843,
222.684,
1.33839,
3066.61,
2.20864,
1.48636,
0.643846,
-0.117307,
10.5612,
-0.0364049,
21.6878,
1.76674,
-1.72095,
2.37832,
0.984974,
-0.206053,
0.918806,
1.61374,
13.0077,
13.6871,
-0.116827,
0.403656,
2.70977,
3.22509,
0.192525,
0.981174,
-0.693447,
10.2447,
0.836293,
16.6897,
8.18138,
-0.593344,
0.580377,
2.89824,
2.9762,
0.983536,
1.86822,
-6.31782,
-0.695352,
4.48667,
3.72713,
0.542492,
1.14316,
-0.00275436,
-1.01163,
0.789826,
20.9546,
7.21073,
0.96209,
-0.0551809,
-1.28597,
-1.22168,
15.776,
1.85685,
9.03201,
0.342338,
0.997139,
8.38407,
1.18464,
109.829,
9.04848,
0.594869,
9.02451,
30.8401,
-0.728092,
41.2063,
22.7373,
4.48818,
48.5014,
43.6869,
-0.0939446,
46.8541,
9.46886,
-0.00909388,
32.1484,
2.39913,
-0.075078,
10.5799,
0.914314,
22.3852,
-1.06802,
13.7033,
-0.415272,
0.0679457,
2.49474,
14.34,
-1.11638,
96.5561,
54.7264,
0.407238,
92.3841,
-1.05492,
-6.25002,
0.786456,
-1.88921,
8.22156,
-0.00336365,
13.9446,
3.99685,
-0.048633,
-0.0372413,
-0.117815,
3.05076,
0.79338,
-0.8271,
45.5899,
0.22913,
1.41984,
6.70902,
-3.2864,
-0.0185748,
0.361564,
0.390114,
0.335737,
0.977294,
2.16672,
-0.736466,
-0.219806,
16.0199,
35.3312,
-0.0992305,
8.72662,
-0.47115,
3.36839,
3.42858,
2.29394,
2.20519,
0.805374,
80.6401,
0.804934,
428.892,
-0.0336928,
1.47922,
-0.0866995,
70.9427,
346.203,
19.5425,
9.28195,
-0.0105978,
9.30971,
-0.0472767,
12.6644,
88.0346,
2.85546,
-2.43234,
3.22607,
1.21847,
89.9946,
1.43434,
0.886535,
2.35435,
-1.53282,
4.80456,
0.393378,
1.8623,
9.19755,
5.2028,
0.177826,
-0.208925,
1.30953,
0.703552,
-0.0670031,
-0.118356,
0.990087,
0.820839,
-1.27056,
18.6747,
38.0811,
9.62503,
2.85524,
0.409951,
0.97525,
3.2582,
0.763188,
3.96937,
4.81133,
-0.186074,
-0.694927,
95.9251,
2.31092,
26.1425,
491.527,
0.658977,
43.5058,
5.14376,
-1.4111,
-0.418233,
-0.609089,
-0.432022,
4.73844,
57.7383,
1.3914,
75.748,
19.9914,
-0.0509627,
15.3664,
4.24511,
53.7366,
3.25555,
2.09384,
2.32198,
4.72664,
0.810274,
2.31019,
2.20213,
170.395,
121.258,
7.96537,
74.2083,
11.0418,
-0.938183,
14.2658,
-1.02026,
0.956728,
2.03878,
-0.370463,
0.969711,
-0.00662724,
4.55285,
2.28064,
0.978526,
194.003,
9.81041,
2.68132,
3.66071,
3.75974,
-0.434502,
11.897,
136.217,
1.95263,
-0.00140605,
0.931699,
22.031,
0.359063,
84.5072,
0.801927,
-0.0729305,
25.4881,
-0.0190345,
2.28649,
4.94414,
0.634853,
-0.727951,
-0.0661605,
1.58672,
16.5723,
-0.184928,
0.987453,
8.23335,
5.98449,
0.283723,
0.170701,
76.3256,
0.965561,
0.249548,
91.1927,
153.63,
1.06871,
43.1286,
-1.0063,
74.2113,
14.0302,
48.1223,
0.972185,
2.39557,
0.601959,
-0.27995,
0.863403,
20.2033,
-0.00627345,
-0.0033657,
-0.250045,
2.96446,
9.05908,
216.245,
0.996893,
1.30095,
0.403676,
2.07465,
46.6982,
13.0031,
-0.536462,
0.993687,
-1.12667,
-0.604938,
1.26265,
12.7141,
22.222,
4.58559,
21.9554,
-0.00908804,
-0.492842,
-0.0245052,
48.5519,
0.231523,
78.9753,
-2.77815,
3.8966,
4.50463,
24.0327,
6.72194,
15.1635,
2.26654,
4.9031,
3.40469,
15.0675,
18.3229,
12.7616,
4.11238,
16.0827,
309.899,
0.983554,
-0.423583,
20.1323,
0.946792,
121.956,
49.5856,
2.28779,
15.2917,
652.416,
3.8077,
0.905735,
3.75107,
8.62629,
143.373,
0.251339,
3.18308,
-0.320854,
24.6258,
2.34311,
67.2854,
0.247192,
0.55046,
3.04149,
96.6287,
0.357824,
9.93035,
9.85116,
-0.012016,
6.93159,
0.296556,
0.346075,
-0.279715,
268.41,
-0.573059,
2.62282,
2.62696,
-0.059457,
4.65857,
0.396044,
-1.00475,
1.80287,
2.75606,
2.37678,
1.49013,
0.598542,
4.82453,
0.91714,
65.7933,
-0.11436,
554.361,
-0.00564366,
2.72779,
25.7885,
19.0517,
14.9361,
-0.0702143,
-0.0532169,
-0.11399,
14.0451,
-0.703113,
-0.0171296,
-2.17609,
0.667069,
-2.54827,
15.4628,
4.2526,
833.844,
-0.0142667,
-1.26961,
9.74007,
1.45574,
-0.103743,
62.6594,
60.0567,
-0.0409172,
55.548,
-1.38652,
6.77642,
62.4759,
23.5525,
2.87469,
-0.417117,
0.995635,
60.5668,
3.60372,
1216.71,
-2.44533,
2.23119,
2.34173,
0.271622,
4.60569,
141.974,
-0.0170558,
-0.428205,
1.70173,
2.33562,
0.791937,
-0.431438,
-0.0244086,
59.2286,
4.49962,
0.407346,
2.34584,
-0.435451,
-0.00616471,
1426.16,
4.2037,
9.06877,
-1.53206,
0.407787,
-0.0212794,
0.941053,
0.759164,
3.03601,
2.11581,
-0.112931,
54.1237,
0.865008,
1.46335,
-0.0482225,
3.22287,
-0.423134,
2.32455,
43.0442,
0.611777,
1.12849,
36.3719,
87.9869,
-1.0365,
2.77988,
-1.27831,
0.365636,
-2.63218,
-0.359676,
4.59568,
3.3005,
4.42369,
54.8341,
-0.00317126,
0.335195,
75.6263,
-0.0367242,
-1.01616,
8.76789,
4.9308,
2.09993,
187.472,
4.65683,
63.164,
-0.00848769,
-0.160801,
12.9154,
-1.5636,
18.1311,
4.31878,
-0.00643719,
9.84275,
9.87765,
44.9642,
0.956916,
68.2436,
2.41113,
161.425,
0.802889,
2.09059,
140.626,
2.23938,
3.90619,
-1.55784,
18.7475,
-24.4513,
0.356743,
2.07537,
65.2209,
2.02699,
0.394569,
-2.19885,
2.91403,
-0.670693,
16.4001,
1.37535,
0.329052,
-0.429782,
8.50476,
-0.334803,
2.22235,
246.878,
60.6371,
6.55982,
1675.24,
28.1409,
107.587,
6.89317,
0.961529,
0.587809,
0.999803,
6.28899,
1.8321,
4.93429,
0.660276,
562.717,
-0.375602,
-1.51949,
-0.415184,
3.22236,
78.9327,
-0.0201696,
296.808,
3.86856,
0.184061,
0.39193,
-0.148911,
15.3878,
54.4741,
339.448,
9.20853,
0.407588,
-0.00879804,
1.70622,
-0.0215856,
1.35181,
8.02222,
116.543,
22.201,
32.6524,
3.54397,
1.20082,
4.62382,
12.9473,
0.196609,
46.8228,
-0.434962,
14.665,
1.6959,
8.77973,
17.8217,
-0.0192145,
1.47918,
3.34179,
4.43117,
160.463,
0.65609,
0.973192,
58.8307,
7.74461,
42.4504,
14.7438,
50.7698,
1.18059,
41.0711,
3.62854,
0.957404,
-0.00867159,
48.5963,
4.49215,
0.661397,
1.99891,
1.8358,
-0.205833,
-1.11289,
-0.604549,
0.976155,
0.804957,
2.32772,
0.963093,
-0.00333596,
-2.76294,
0.391674,
2.15418,
24.7828,
0.900258,
0.337195,
61.887,
0.531924,
-1.20913,
-0.144739,
0.260008,
104.335,
1.7427,
1.16487,
4.70137,
0.926693,
42.1599,
2.99528,
0.955446,
0.977868,
52.6422,
4.66706,
7.86797,
-1.00891,
9.94785,
2.17845,
-0.203028,
1.18722,
0.960506,
2.3163,
-0.550234,
1.74399,
6.67605,
17.2684,
3.85352,
9.82636,
0.639154,
112.884,
2.11567,
0.786432,
8.51586,
-2.54425,
113.874,
-0.0319254,
-0.0159905,
41.0094,
0.933764,
6.96598,
2.30874,
4.06496,
6.38706,
-0.00584073,
-0.0860394,
4.75206,
1.3946,
2.36758,
516.692,
17984.8,
1.33429,
2.30835,
1.47136,
0.983425,
1.48525,
4.90135,
-0.106489,
-0.0210055,
5.89817,
25.5001,
48.6221,
-0.0235277,
0.287939,
1.26345,
0.645937,
29.511,
-0.460391,
24.1886,
3.62111,
28.2752,
-0.419825,
-0.0557626,
4.92785,
21.9711,
-0.00596369,
-0.49865,
365.829,
-1.11567,
-0.27024,
2.29218,
14.6526,
0.854067,
3.76642,
165.141,
2.3043,
-0.0857126,
8.24704,
0.719631,
0.339948,
0.589472,
1.76889,
-1.10494,
0.386882,
-1.58271,
51.6276,
-1.03654,
24.2362,
2.83539,
25.1839,
0.202607,
0.96317,
2.37284,
0.955694,
13.8399,
11.5377,
0.923422,
59.736,
-0.00607218,
32.6153,
-0.148541,
1.3452,
0.976383,
-0.221285,
0.196744,
30.0675,
10.9762,
1.47308,
6.84865,
-0.0127158,
-0.00654895,
0.648052,
8.59143,
0.734259,
0.958315,
1.98426,
0.260524,
1.77849,
-0.152249,
0.404542,
4.52762,
-0.00180282,
51.3721,
28.8537,
30.6841,
-2.59072,
0.888298,
-0.687463,
2.27494,
2.02681,
-1.03236,
0.788734,
-0.0143017,
8.89961,
15.5166,
55.3075,
2.36067,
4.95044,
2.11481,
0.388407,
54.3334,
9.09627,
0.977593,
2.27926,
0.402783,
-0.487178,
-0.230133,
0.990395,
-0.247543,
2.36636,
-0.433153,
1.3253,
0.368256,
52.4832,
-1.01221,
0.887155,
0.900789,
2.08175,
-0.00469066,
3.78688,
2.14524,
-0.0361239,
3.09944,
-0.114574,
3.61836,
0.478576,
3.14275,
30.6613,
1.49268,
7.04762,
-0.00899255,
16.4331,
-0.739409,
8.99107,
4.58,
0.583696,
-1.54182,
2.4302,
-1.54232,
4.58681,
-0.150048,
0.396101,
-2.5074,
-0.10663,
1.8668,
-0.272772,
5.82836,
-0.00914688,
1.64336,
0.900548,
2.29634,
4.20787,
75.643,
-0.0992049,
4.6934,
43.8533,
63.2011,
28.9401,
0.354721,
1.44261,
-0.292155,
9.08143,
0.98885,
14.2464,
140.487,
4.31207,
9.46485,
-0.457426,
0.636151,
36.4858,
0.245982,
67.6047,
0.984625,
6.00673,
0.997054,
-0.435718,
2.40907,
0.990257,
-0.203145,
2.28962,
0.0906313,
3.06877,
69.7109,
-0.0156896,
4.73095,
-1.04242,
-0.073324,
0.514941,
-0.0377759,
-0.00471393,
0.399064,
-0.135698,
2.35967,
-0.123224,
41.9792,
8.67134,
121.975,
1.43504,
-1.02105,
10.8126,
5.82307,
0.411496,
-1.00884,
2.34576,
4.78072,
4.22885,
86.3844,
-0.288154,
-0.013986,
2.19696,
-0.268854,
0.785454,
0.388414,
4.77766,
-0.425024,
76.6885,
8.92409,
-0.00741794,
0.921944,
0.39312,
23.4434,
48.0516,
14.6032,
1.7344,
0.938455,
2.01767,
-0.0377986,
0.815024,
-1.02016,
0.374554,
15.1914,
-0.0315414,
4.79201,
1.55474,
0.927056,
-0.106434,
21.3106,
61.1984,
3.25719,
-0.0409546,
0.959184,
-0.425653,
-0.0822083,
62.1935,
0.403062,
-0.102045,
-1.5735,
15.6478,
-0.0559218,
-0.0320195,
5.3721,
19.103,
5.79805,
15617.2,
1.48097,
70.2812,
2.09432,
2.26331,
-0.171173,
65.8907,
6.8738,
0.508061,
123.057,
-0.0409862,
71.4763,
-0.063509,
0.678184,
49.4069,
4.96411,
0.7504,
-1.12777,
14.2491,
0.405953,
-0.0445118,
1.64843,
0.363501,
77.4801,
4.20521,
5.23763,
13.9026,
0.87267,
0.400764,
5.43363,
0.814394,
9.11773,
6.39819,
4.56351,
-0.456951,
-0.221405,
48.9126,
1.31013,
31.4842,
1.39339,
-1.25567,
49.2612,
-0.0423267,
9.05871,
-5.1917,
0.974133,
1.40672,
0.884823,
19.2697,
-0.515029,
22.676,
0.998978,
3.17913,
67.0156,
68.3463,
0.958501,
31.1306,
376.757,
2.21981,
0.281482,
0.176872,
0.285392,
1.47249,
23.4181,
-0.442565,
2.36224,
0.992352,
165.539,
7.93049,
1.78352,
5.39831,
-0.13905,
0.7203,
2.5975,
-0.00957351,
-0.21947,
-0.0190335,
6.98337,
-0.0563836,
0.976252,
-0.10634,
-0.294736,
2.2573,
-0.143665,
0.783572,
-0.118609,
-1.10254,
2.22016,
4.98462,
-0.0653672,
0.94293,
0.864724,
2.67981,
-1.03282,
-0.252987,
21.8691,
1.24456,
0.811523,
0.602592,
13.6899,
2.16118,
38.8158,
2.27745,
-0.22807,
-0.0174328,
-0.010621,
0.618909,
0.412689,
0.806992,
-0.0204236,
0.961445,
0.607034,
-0.477307,
0.980543,
54.3458,
159.77,
6.54601,
275.105,
1.45848,
0.642429,
231.464,
25.4338,
12.7231,
84.4477,
8.31264,
-1.22246,
-0.271342,
3.66686,
64.9539,
-0.614115,
0.375712,
0.958125,
4.11336,
-0.06718,
1.66397,
-0.142243,
0.919363,
-0.0606962,
53.6677,
0.942266,
0.5875,
48.4969,
4.36427,
3.56844,
0.702679,
-1.0487,
121.574,
4.47569,
26.4268,
0.570019,
-0.222947,
68.9189,
-1.28064,
1.48665,
202.381,
2.36613,
196.293,
1.80621,
1.99091,
1.82946,
75.2214,
22.1914,
82.1733,
0.89582,
-0.0188915,
1.41076,
2.40825,
4.82928,
3.28864,
-0.0995176,
5.36517,
-0.212179,
0.311763,
0.818142,
18.0548,
2.15064,
23.4542,
71.4381,
-0.0129212,
20.1777,
-0.688213,
9.96175,
-0.877413,
-0.442942,
0.963141,
1.47308,
0.982213,
-0.130383,
0.976498,
444.061,
2.14784,
0.968455,
4.58541,
23.6823,
-0.15004,
0.0944643,
5.70949,
9.75423,
-0.00344387,
32.0405,
0.640657,
1.68553,
-1.0434,
-0.0205336,
71.792,
3.60976,
4.93043,
0.594607,
-0.383101,
55.6895,
-0.5373,
9.37944,
3.90467,
3.21033,
438.408,
124.976,
0.652379,
4.56624,
2.22312,
2.10553,
-1.03804,
0.407801,
5.90927,
0.998118,
0.281101,
-1.57325,
23.2729,
13.9348,
1.87016,
8.70392,
4.52949,
4.9035,
-0.0227927,
2.02194,
-1.0015,
77.7993,
27.2801,
51.5949,
1.6856,
4.58099,
57.3114,
43.4957,
1.78931,
0.990327,
58.9521,
0.810375,
0.930902,
-1.27198,
0.559959,
4.46701,
2.29327,
94.7109,
-0.205734,
0.751792,
1.54067,
-0.535004,
1.48261,
1.21106,
125.752,
-0.0153158,
43.3719,
-0.0341254,
0.929121,
4.89888,
2.3892,
3.54119,
4.68955,
4.15868,
0.988081,
-0.00958348,
9.42512,
9.45295,
-0.0425543,
-0.239484,
4.90037,
-0.437581,
-0.307111,
-1.08905,
0.874995,
4.16332,
-1.03738,
2.28836,
632.287,
6.80219,
3.09748,
4.76293,
0.832581,
2.15699,
0.504397,
1.47758,
8.54122,
2.19404,
1.4499,
-0.00193335,
-0.0175553,
8.87807,
4.26506,
-2.59996,
31.4107,
2.31942,
4.67863,
8.55522,
5.30746,
0.968592,
3.61499,
4.8786,
2.40047,
1.79703,
2.35856,
12.2076,
2.3325,
-0.193858,
99.966,
50.8357,
6.78729,
0.658637,
4.3488,
14.8078,
0.964065,
2.27093,
43.2816,
0.123507,
0.186098,
-0.0135515,
-0.00359897,
215.087,
-0.459147,
78.1043,
13.7399,
31.3324,
0.115758,
-0.679315,
0.654599,
0.99986,
29.0949,
-0.00103787,
2.86132,
2.33088,
-0.0152584,
16.6309,
1.54063,
-0.25303,
-0.418526,
4.41327,
0.987039,
0.985059,
29.3936,
0.813626,
-1.22705,
4.35492,
-0.00426159,
42.3204,
1.89662,
0.649865,
-1.062,
0.966851,
-0.00740304,
245.98,
57.5887,
-0.0656132,
1.07098,
-0.354481,
-0.00897317,
52.3432,
4.8546,
-1.53385,
0.526735,
-0.207161,
0.368829,
4.67186,
10.6602,
2.13753,
19.8877,
0.515127,
-1.89487,
0.405847,
97.3553,
222.866,
15.8929,
1.86588,
34.5767,
275.049,
-0.0102266,
-0.431558,
10.8935,
1.70994,
4.00359,
2.26818,
1.28109,
4.99246,
16.9892,
2.26589,
3.51612,
13.7589,
0.944691,
58.4967,
4.93288,
21.6019,
-0.0542797,
2.03216,
4.49976,
-0.376871,
0.395553,
72.4812,
0.596159,
0.367729,
1.32282,
4.48443,
-1.15546,
43.2019,
99.3795,
2.18894,
0.665624,
-0.0551102,
1.85592,
0.650863,
15.7482,
4.94706,
-1.01781,
0.578046,
2.10354,
2.24517,
101.767,
0.976018,
2.03068,
60.9181,
0.966194,
-0.00498851,
0.400041,
1.80921,
8.88839,
0.145627,
4.81286,
0.824427,
0.954491,
2.3432,
9.44736,
-2.50493,
-0.0622629,
1.40034,
2.62952,
8.49096,
8.71446,
13.6322,
52.7845,
0.411976,
-12.8609,
4.25317,
56.775,
0.183977,
9.2085,
20.6226,
13.9403,
-3.78594,
-1.02841,
-10.9909,
98.0046,
2.24565,
8.32322,
3.9095,
1.49511,
3.13071,
0.937733,
0.814721,
-0.00950591,
-0.61955,
1.79545,
16.9099,
0.65918,
-0.110463,
-0.041473,
1.20381,
-0.384632,
-0.449036,
2.31092,
6.86499,
-3.45766,
55.6306,
8.10823,
6.12229,
80.4683,
-1.54543,
0.398019,
-1.36079,
-0.0183627,
4.28545,
-1.12967,
94.7589,
-0.563399,
1.99305,
32.1531,
6.73969,
92.0251,
0.965955,
3.22263,
-0.0551252,
69.3036,
0.815236,
0.972872,
19.0723,
87.2776,
-1.44037,
2.23406,
-1.12322,
0.410805,
0.848804,
44.6278,
1.71596,
4.19438,
4.88913,
26.701,
0.554489,
0.394081,
-0.386705,
-0.414661,
4.66228,
15.7051,
2973.6,
0.800228,
8.81775,
1.43223,
412.283,
-0.499091,
0.568703,
-0.255771,
0.333718,
0.284585,
-0.201469,
4.6233,
0.143343,
51.0847,
-0.545167,
20.2437,
0.87255,
187.362,
1.19559,
6.74127,
-0.425579,
0.887799,
6.00566,
-0.329643,
10.1411,
69.2419,
0.683067,
2.35877,
3.03124,
9.03477,
4.8844,
-0.516106,
65.5575,
6.66489,
45.3425,
0.968619,
27.1546,
2.63482,
5.00939,
-0.00494895,
3.92682,
-0.215247,
0.972504,
0.705826,
3.10034,
-1.04839,
0.766893,
4.84096,
2.32835,
8.28454,
63.7564,
34.6287,
-0.216896,
-0.711202,
107.364,
0.969284,
11.7042,
4.46327,
25.8867,
-0.18009,
-1.89975,
1.41569,
-2.17995,
1.48326,
0.533869,
-0.0211031,
-0.416964,
-0.074827,
11.7038,
-0.441246,
0.968428,
70.1316,
2.0412,
58.8722,
-0.00635576,
29.0711,
6.92866,
0.830507,
-0.0119948,
3.42271,
-0.423106,
2.28604,
2.05858,
-0.442905,
-0.353465,
0.397328,
2.30186,
1.78197,
4.82155,
-1.26776e-005,
2.31168,
36.0733,
2.96037,
0.409437,
0.986937,
-0.555911,
3.70409,
1.67769,
-0.023915,
0.786262,
2.27076,
0.871408,
7.91798,
0.664324,
-0.0735138,
0.955684,
4.73969,
0.374288,
0.921392,
0.652919,
6.5335,
9.44342,
2.73994,
-0.0490057,
60.1348,
3.83337,
0.601254,
0.387178,
-6.78283,
195.919,
4.94649,
29.9322,
13.6123,
2.40128,
89.9013,
3.11653,
-0.43575,
-0.155052,
3.82714,
-0.0226495,
-0.02224,
11.8032,
-0.103843,
1.45911,
4.05219,
2.61634,
8.56204,
-2.49588,
3.85516,
8.19087,
-1.03575,
-1.00573,
-3.92267,
44.4276,
2.03832,
9.61559,
-5.10211,
1.80422,
1.47651,
0.960018,
0.360717,
35.1346,
0.977352,
0.710873,
9.33919,
18.8964,
5.79927,
52.5395,
0.271241,
1.84424,
4.47232,
0.276554,
-1.8402,
5.00659,
-0.685937,
15.7171,
0.283299,
2.36316,
20.5952,
0.231088,
1.17952,
-0.0532925,
-1.49762,
-0.0201073,
0.332615,
0.966644,
-0.255068,
1.68752,
0.897874,
7.96934,
2.18228,
-1.32731,
1553.83,
34.278,
1253.48,
-0.806864,
0.0487224,
4.48117,
8.41545,
0.976585,
74.8478,
0.849933,
-0.0021366,
-0.00349655,
2.33676,
-0.6827,
0.864095,
-1.07487,
-0.0454448,
-0.0815754,
2.39025,
0.782207,
57.6359,
-0.567918,
-1.03871,
9.95263,
18.7971,
-3.37742,
75.5061,
102.812,
102.319,
-1.03176,
-0.473783,
18.5741,
1.60013,
10.732,
44.4394,
8.79869,
13.8727,
3.90704,
-0.226263,
1.46122,
-0.0990919,
19.7936,
2.33799,
132.245,
153.749,
0.621055,
-1.11218,
-1.00085,
13.7556,
259.719,
19.9521,
3.65964,
13.9394,
2.72528,
-0.00821261,
0.346282,
47.7699,
15.3042,
-0.0236372,
21.8732,
-0.0975943,
0.300752,
-0.41443,
13.2677,
-0.0480851,
2.04306,
-0.141955,
163.752,
1.20917,
0.874327,
4.58622,
21.7232,
-0.111768,
8.64828,
1.40456,
1.12287,
-1.04449,
0.946493,
4.93869,
0.803156,
8.64524,
-1.0291,
-1.1624,
49.0674,
-1.04259,
216.46,
9.88871,
-1.06191,
-0.0129753,
0.34582,
0.40857,
0.667166,
98.3734,
2.15636,
0.910303,
2.41001,
-0.137236,
0.779647,
11.8929,
19.1088,
0.976005,
1.44451,
4.63274,
1.19087,
19.2213,
56.7063,
0.328737,
3.1276,
0.783653,
0.402429,
0.642619,
16.7532,
1.33688,
-1.03512,
-0.00687734,
-2.5717,
103.617,
4.9646,
0.39513,
9.0947,
-3.9231,
41.7002,
0.347479,
17.491,
0.658311,
4467.16,
-0.0072856,
19.1347,
4.49315,
4.68366,
22.9852,
-0.593282,
0.862488,
2.2942,
0.561088,
28.0417,
-3.00263,
1.93002,
44.1493,
-0.513885,
0.820005,
-0.0974742,
41.11,
0.952457,
-0.0161672,
8.79898,
60.6343,
-0.103869,
2.34793,
4.92235,
-0.0962103,
2.22588,
1.81261,
0.124514,
23.5346,
-1.04013,
-0.10364,
10.0995,
2.32717,
0.403315,
64.4578,
10.1834,
9.14938,
2.36395,
2.30719,
-0.0991656,
-1.06922,
92.3135,
-0.0286339,
0.805502,
2.30377,
43.902,
-1.17808,
0.268562,
0.655224,
-7.79833,
6.19369,
37.0365,
4.28604,
50.4694,
4.97458,
2.38068,
398.578,
1.31282,
17.2298,
1.92223,
1.45208,
-0.19256,
-0.435529,
9.95382,
1.98603,
-0.0509001,
2.13433,
75.6223,
-2.74316,
2.31884,
2.15621,
14.0245,
2.29224,
2.30741,
433.608,
46.3896,
-0.330837,
2.13837,
0.929331,
0.371144,
-1.04892,
0.8131,
0.903122,
2.15551,
-0.319254,
-0.511692,
26.908,
-1.02951,
0.987806,
-0.211377,
16.3963,
3.04775,
2.07798,
-0.0191652,
2.00072,
27.9809,
298.989,
0.861674,
-0.0196087,
8.47887,
1.13954,
0.700102,
3.24107,
0.89255,
-1.63789,
0.568332,
3.20044,
-0.00494959,
0.972505,
1.1992,
-1.13132,
0.917048,
1.48194,
35.5573,
26.2217,
0.570105,
1.47492,
0.950639,
12.7599,
0.989818,
0.940577,
-0.676872,
78.7204,
0.958539,
-0.0258943,
0.904745,
52.9589,
-0.320594,
0.659296,
34.8009,
7.40798,
-0.111642,
0.477449,
-0.327361,
265.385,
0.405468,
-0.477554,
-0.423561,
0.86221,
-1.0033,
2.20344,
0.407501,
-0.0150943,
-0.861984,
-0.00525848,
-12.061,
68.4553,
3.1686,
1.34628,
0.191385,
0.902047,
96.4507,
4.60241,
514.751,
0.891506,
40.7973,
-0.0650483,
100.948,
20.103,
18.3075,
9.67675,
30.2656,
-0.436849,
0.388705,
20.0215,
0.917945,
6.01842,
-0.264203,
9.92167,
0.969349,
1.8701,
13.9201,
-5.24938,
1.4956,
47.2049,
-0.0137997,
8.60273,
0.54572,
1.29739,
0.355032,
-0.471118,
0.525275,
0.977738,
-0.0996769,
51.4967,
0.647646,
0.401011,
0.736665,
-0.538867,
-2.66194,
1.91533,
48.755,
2.30935,
18.4469,
-0.422991,
0.405409,
0.616046,
2.1551,
6.80429,
-0.258383,
0.744453,
0.995205,
1.45667,
0.791391,
-0.127087,
4.65363,
1.30829,
100.435,
-0.0524797,
0.562307,
-1.2121,
1.38996,
2.33985,
-0.254838,
1.05198,
2.29242,
2.02601,
292.618,
0.958112,
0.987462,
8.27647,
3.59537,
-1.09629,
0.389246,
-0.0215209,
6.54666,
1966.63,
1.72903,
53.5277,
0.403118,
0.451016,
2.35446,
4.49318,
12.4252,
0.65098,
0.98071,
0.915647,
50.5515,
0.94966,
-1.09259,
2.10551,
-0.13369,
4.73881,
-3.41574,
0.711036,
608.614,
-1.52795,
31.2682,
1.675,
151.215,
13.0524,
-0.65939,
4.4853,
0.663329,
4.72715,
0.317496,
83.6296,
13.1704,
-0.0558308,
-0.00994807,
3.14292,
46.0882,
-1.54432,
4.99099,
6.11226,
0.949301,
-0.0536618,
-0.121068,
60.412,
-0.0180098,
0.473063,
0.910452,
13.6314,
41.6082,
9.00774,
0.936134,
0.387615,
-0.68395,
8.1529,
-0.11882,
-0.221112,
-0.423468,
-0.494999,
1.76952,
-0.0795055,
46.5291,
49.2703,
25.1203,
0.969408,
2.32194,
-0.257709,
8.2726,
-1.03256,
46.0565,
15.4093,
4.62669,
2.2217,
28.1944,
-0.111903,
16.4954,
3.13637,
1.42004,
2.35146,
59.43,
620.27,
104.056,
-0.0446255,
-0.315752,
45.7727,
9.34791,
0.924773,
7.27617,
-1.03347,
-0.0162017,
2.97147,
62.4795,
-0.154498,
17.4814,
0.385869,
1.6789,
15.7502,
-0.0258588,
11.2461,
7.12128,
301.189,
3.53322,
0.970884,
1.74849,
0.954719,
-0.0457676,
0.390653,
-1.02301,
0.393648,
23.1047,
16.3775,
17.5634,
3.85312,
-0.0772526,
1.20659,
-1.38536,
0.403002,
4.68168,
1.00889,
79.0174,
1.3892,
27.5161,
0.0961425,
0.996506,
209.611,
1.49604,
59.3186,
24.6947,
0.184898,
0.742601,
0.995083,
4.87459,
0.369064,
8.60158,
17.7837,
0.992063,
27.4035,
22.0783,
9.95026,
0.957301,
5.13106,
1.57157,
15.3896,
-0.11549,
2.67711,
0.640665,
0.357996,
4.7858,
-0.0176624,
0.450516,
-1.56677,
2.74478,
6.33634,
8.6083,
36.4419,
2.31776,
21.9701,
62.3379,
8.96573,
50.9328,
0.592791,
-0.0254031,
76.6185,
-0.204188,
155.559,
3.6976,
5.31814,
14.7399,
13.7038,
0.666375,
2.63878,
104.116,
1.99773,
0.259579,
37.7919,
4.89314,
4.6779,
0.954571,
-0.0334246,
261.248,
3.13634,
0.660887,
28.5616,
16.5991,
114.377,
0.963871,
658.128,
3.11007,
27.7594,
-2.51128,
-0.113309,
389.254,
0.999316,
15.925,
1.81551,
44.9102,
-1.41826,
-0.0650914,
4.51935,
10.3482,
0.806712,
1.86846,
8.2858,
-0.0173472,
-2.45656,
9.78365,
0.815256,
2.72439,
1.8738,
80.2629,
-1.88172,
2.22442,
-0.214981,
-1.0929,
1.4844,
-1.02227,
5.32319,
1.45032,
-1.12241,
43.0608,
-0.268509,
18.6653,
-0.14804,
-0.029112,
-1.55326,
4.69578,
0.640149,
0.509424,
-1.51614,
2.77028,
9.65405,
0.952943,
2.00712,
-0.207343,
2.612,
2.39229,
15.6527,
-0.20111,
-0.202997,
0.980356,
0.868995,
-1.74826,
-0.457446,
4.94107,
50.218,
1.97018,
0.631966,
-0.0128079,
240.467,
1.7419,
1.2077,
-0.122821,
0.984712,
23.1404,
-0.0180013,
0.615528,
26.1679,
3.59555,
26.4225,
-0.524356,
157.399,
0.980504,
1.94008,
3.6368,
-0.122221,
-0.160858,
26.2087,
0.282616,
0.604813,
-0.0134151,
0.871659,
9.45009,
0.999406,
-0.0735324,
-2.66843,
0.912495,
0.25474,
2.21232,
223.868,
23.9942,
54.3321,
3.65627,
0.942813,
1.49455,
0.613401,
0.346333,
7.87213,
-0.121152,
-0.321244,
-0.311354,
2.40834,
0.939972,
0.97592,
0.381827,
2.27613,
57.7883,
0.913069,
21.3119,
8.67775,
3.10154,
0.975832,
70.8547,
2.26766,
7.47262,
0.815044,
8.66376,
4.64942,
2.02618,
47.9086,
14.3275,
1.601,
2.26041,
9.82638,
63.5546,
-0.463224,
-0.0679533,
-0.00962827,
-0.538928,
2.30474,
157.297,
-0.0191166,
0.785773,
40.7704,
-0.0250909,
-0.0274795,
-0.453534,
31.4128,
0.971414,
2.24281,
-0.214508,
1.868,
-0.0778166,
-0.0305573,
9.76458,
4.7704,
76.4619,
17.573,
-1.1221,
-1.19452,
1011.57,
3.42964,
2.38171,
1.21442,
-1.01974,
4.69421,
-0.000707298,
-0.629326,
39.1024,
2.41334,
0.898261,
660.709,
4.06128,
-0.42843,
1.74219,
-1.03125,
0.399152,
2.91169,
2.54904,
-0.465782,
145.999,
85.569,
-0.86079,
14.0075,
0.507474,
11.4939,
2.27931,
10.0209,
-0.0106287,
8.94254,
17.2603,
-0.04648,
0.580654,
220.816,
0.281411,
146.537,
55.2975,
0.975223,
-1.02788,
0.409713,
9.70208,
91.809,
31.8744,
-1.0548,
-0.0656565,
0.81134,
6.12902,
-0.13111,
11.8143,
2.2693,
-5.68663,
0.127087,
1.30908,
38.2876,
-0.669286,
733.763,
89.4178,
5.99233,
47.5597,
256.343,
31.0976,
0.134734,
46.0492,
99.5573,
0.939575,
9.89819,
29.768,
14.2694,
2.31878,
2.00338,
12.5815,
0.136484,
2.36677,
65.0598,
0.408162,
2.26996,
0.97838,
-1.04296,
2.38855,
49.033,
4.93299,
-2.72474,
2.37683,
1.44167,
-0.571748,
0.925104,
192.091,
2.09215,
18.7207,
3.58529,
-0.0650948,
0.785671,
21.6008,
-0.0189187,
1.44023,
0.973698,
4.5169,
-0.280174,
3.76631,
-1.04076,
2.93176,
-0.451718,
-0.429052,
0.963142,
1.28969,
2.79501,
-1.03133,
-0.0102806,
21.6181,
-0.240438,
1.90414,
-1.00023,
219.855,
0.30732,
2.11782,
-0.0117403,
0.730347,
9.89874,
5.84131,
6.07881,
0.473154,
-0.107554,
2.98994,
49.6226,
5.51624,
0.955982,
-0.682818,
-0.00752886,
-0.0252868,
-0.0156185,
-0.114418,
60.6109,
2.29379,
-0.247005,
4.07968,
0.971607,
13.503,
-2.48576,
24.7628,
0.531705,
-0.702335,
1.64001,
14.5231,
4.88177,
-1.03024,
30.2774,
2.01135,
3.08079,
-0.0482033,
-0.0172434,
-1.23273,
69.9757,
-2.83763,
11.7363,
0.971499,
-0.121708,
13.243,
-0.0688716,
0.547533,
2.29419,
3.68138,
0.78895,
127.168,
0.395248,
5.98448,
46.4044,
-0.114074,
-0.555878,
19.5876,
1.36842,
17.1451,
65.2039,
26.3437,
-0.0233753,
19.6332,
37.4175,
-1.25371,
4.78489,
-0.44637,
13.8834,
45.542,
-0.149347,
7.19778,
0.657399,
4.43545,
-0.215823,
-0.306016,
48.9538,
16.1121,
4.6858,
8.34815,
0.890826,
1.38795,
3.89072,
-1.08292,
2.70661,
10.6075,
0.947861,
0.588418,
0.14526,
1.77547,
62.6087,
2.34878,
5.00928,
6.76048,
30.0365,
2.25947,
0.803796,
4.65018,
-0.543107,
69.6778,
2430.68,
2.25791,
47.8874,
0.930598,
-0.50773,
52.4556,
1.57698,
0.984596,
12.2501,
0.665511,
4.74465,
440.912,
2.23283,
-0.217828,
-0.49801,
7.96945,
-0.0966968,
-2.1482,
18.0609,
2.31043,
1.93776,
-0.215315,
-1.00396,
-0.222475,
2.2742,
31.0352,
16.0164,
4.03563,
6.09755,
0.282412,
0.514377,
3.22947,
4.66334,
-0.0251347,
4.78197,
48.6786,
2.61634,
-1.07725,
0.990583,
1.3687,
2.25252,
4.41216,
46.5953,
-0.130462,
12.3616,
0.286525,
4.76935,
0.816552,
517.246,
0.385678,
0.292106,
-18.5538,
0.406591,
0.631709,
-1.13171,
1.77628,
-0.0603856,
14.6258,
5.43354,
4.37522,
54.841,
0.957253,
1.22014,
-1.03539,
0.766702,
2.04175,
-1.57011,
-0.0289361,
1.46873,
11.3762,
0.872191,
23.7105,
0.0903278,
-0.0464925,
143.57,
-0.606722,
-0.0111808,
45.7779,
105.618,
0.707941,
1.42236,
3.75347,
130.433,
-0.56484,
-0.0553796,
18.6754,
0.98872,
21.2626,
199.259,
-0.535493,
8.60706,
6.09856,
19.9448,
4.88848,
3.88234,
0.972036,
-0.518685,
2.27836,
0.656391,
-1.52004,
52.1397,
74.7852,
-0.329673,
20.566,
19.3008,
3.18119,
-0.0371531,
0.880942,
15.0578,
9.28913,
0.391509,
6.23036,
33.6856,
0.640517,
0.819452,
-0.3221,
-0.441721,
-0.00592344,
-0.252711,
-0.0354664,
0.614359,
2.72401,
1.21487,
2.19372,
161.91,
0.345703,
62.815,
-1.04725,
0.930459,
67.3229,
1.46517,
3.5249,
-0.00470433,
8.11486,
4.51294,
5.64754,
0.288083,
2.39729,
2.07316,
2.27818,
8.9478,
8.23856,
3.28061,
-6.87646,
-0.221793,
0.637752,
24.1203,
15.6668,
6.7095,
15.0291,
0.667307,
2.19833,
-0.426075,
4.26757,
0.995671,
1.39221,
57.3091,
2.22467,
111.694,
1.08887,
-0.00647435,
-0.0114414,
1.16541,
0.915049,
-0.0101678,
0.374768,
14.4012,
7.19363,
0.966835,
-0.259908,
61939.6,
0.977544,
4.73916,
0.952198,
-0.695773,
0.387637,
-0.103081,
5.93637,
1.45246,
1.41239,
2.08123,
1.15219,
-0.0154107,
2.40652,
42.1842,
4.23577,
-1.04889,
15.9642,
9.75889,
167.052,
0.957731,
44.134,
14.5752,
2.33147,
2.35602,
1.79682,
-0.553109,
-1.03889,
4.63178,
19.2604,
-0.853109,
0.232123,
-2.52327,
-1.11532,
3.6686,
0.801194,
-2.48395,
0.782416,
44.7279,
3.70555,
-2.64815,
0.143642,
-0.00888503,
0.443678,
0.98728,
8.25903,
81.0205,
-1.43326,
-0.0213457,
-0.0290933,
0.639833,
-1.06716,
0.803414,
0.799293,
0.906905,
2.3834,
0.904615,
0.954997,
98.9483,
-1.13289,
0.884536,
0.89344,
6.56554,
9.3714,
1129.9,
2.3012,
84.9367,
0.512522,
2.0532,
-0.419913,
24.223,
-1.40051,
4.40816,
3.25424,
4.84635,
-0.0195463,
1.92071,
17.8068,
-0.117801,
-0.0232519,
-0.0179267,
28.2271,
0.969013,
2.89638,
1.17672,
0.980555,
0.956476,
1.45893,
0.399466,
44.4661,
9.58199,
6.69586,
-2.08966,
-0.442168,
0.81935,
-0.168961,
-0.443962,
9.53646,
-0.0197747,
40.2001,
1.49425,
4.96895,
8.45578,
1.11451,
3.92653,
4.8605,
19.3918,
0.878751,
-1.10862,
-2.68719,
-0.198913,
-0.691462,
1.42361,
-0.105958,
60.8081,
9.83335,
0.903557,
4.85556,
-0.273209,
0.384699,
48.2327,
52.4147,
0.976086,
9.43062,
0.641745,
0.809804,
-1.04014,
0.651031,
91.4229,
56.8501,
-0.435041,
2.3326,
4555.46,
4.88972,
3.15699,
12.5954,
4.08351,
0.917639,
57.2436,
0.657047,
0.945244,
79.6024,
1.31852,
6.78607,
12290.4,
0.878022,
2.27215,
-0.216426,
53.3641,
60.6049,
0.709084,
-0.27181,
4.61367,
53.2931,
3.22438,
183.007,
0.293705,
8.21634,
176.323,
0.963593,
-3.52062,
0.17896,
0.625947,
3.39757,
-0.0335928,
19.8074,
18.992,
4.82047,
0.984273,
19.0139,
-1.09782,
-0.0122819,
65.8977,
0.963015,
4.02814,
0.391383,
-0.317883,
3.67166,
69.5891,
0.965213,
4.70694,
4.92634,
2.30802,
9.90218,
2.4013,
3.70011,
1.43677,
7.30264,
8.11951,
-0.502269,
19.1541,
110.289,
-0.202526,
5.57459,
-0.322635,
-0.0122658,
15.5944,
22.0171,
44.7483,
176.676,
84.3041,
0.831342,
51.0668,
-0.0385584,
26.6638,
-1.01521,
2.22886,
2.09605,
1.83617,
20.0463,
-0.506317,
30.45,
0.954025,
73.4379,
2.3992,
44.5938,
1.94562,
20.1558,
0.911568,
-0.108281,
0.566026,
31.6878,
94.1948,
2.40963,
0.978952,
285.295,
0.953218,
0.618342,
24.3058,
-0.1874,
2.30105,
0.8047,
0.985681,
0.796611,
0.876398,
8.55336,
0.867681,
-0.0252178,
89.4939,
2.40147,
-0.0102012,
0.817905,
10.2971,
-1.58148,
0.939101,
0.960274,
-0.261767,
2.38285,
0.327931,
-0.193576,
-0.0722432,
1.98742,
4.74065,
18.2865,
0.251103,
2.12558,
0.637211,
-0.244239,
1.43894,
4.20293,
-0.20904,
-1.23309,
0.508946,
0.980092,
28.1864,
-0.0656061,
52.4723,
18.3503,
37.2397,
50.7933,
16.1624,
1.65097,
4.56759,
0.910791,
14.5504,
-0.0646269,
3.09404,
-0.672719,
0.811849,
-0.097236,
2.35135,
0.792428,
74.1857,
15.3341,
0.860016,
1.47375,
4.63987,
6.97343,
-0.10731,
14.1032,
16.0837,
-0.500805,
-1.12103,
8.74649,
7.71124,
-0.113619,
0.393786,
5.20621,
23.9224,
2.20498,
23.9616,
17.0353,
3.25556,
76.2751,
-0.0119287,
5.8655,
0.984277,
3.9975,
0.884553,
1.41481,
24.7408,
0.587801,
4.88072,
70.6898,
61.4801,
1.68717,
76.5572,
0.660411,
-0.00408293,
8.01474,
3.23203,
0.642749,
0.958359,
165.806,
-0.301385,
2.07791,
-0.473499,
-0.138373,
2.29831,
52.0309,
61.9979,
-0.00188932,
-0.190507,
98.9413,
29.1418,
2.19433,
2.34468,
0.959831,
0.389799,
2.01401,
-0.690634,
42.1165,
-1.43001,
3.00685,
4.98182,
0.863946,
6.49996,
2.2201,
-0.0143066,
0.451151,
0.908667,
1.43377,
150.95,
-0.214005,
1.62544,
-0.455982,
0.652839,
0.914052,
0.765761,
7.03898,
1.12254,
-0.444418,
9.67162,
-1.61203,
1.34852,
6.94605,
21.0625,
19.002,
-0.00490547,
4.27811,
181.384,
-0.121736,
-0.00161911,
15.8808,
8.6966,
2.03335,
2.2539,
-1.14003,
8.75263,
-1.60957,
2.86117,
0.407071,
-0.470312,
0.963125,
-0.103037,
2.38187,
-0.022702,
0.504408,
-0.208312,
1.26332,
-0.540288,
0.998449,
-0.00365997,
-1.97292,
4.60082,
-0.109667,
1.93205,
-1.02839,
-0.0585001,
2.66055,
1.28682,
4.57389,
197.734,
155.261,
2.79342,
5.01728,
23.6376,
125.772,
-1.51708,
2.36713,
-0.224193,
1.43435,
0.952472,
0.99499,
0.984332,
6.39866,
43.4434,
-0.150473,
8.63245,
7.006,
39.842,
3.81387,
-1.65746,
2.0578,
65.2384,
4.18427,
0.653303,
12.9635,
1.58598,
8.52864,
-0.138124,
403.349,
0.742668,
28.3515,
6.91522,
14.0794,
16.5543,
-1.52631,
3.24329,
-1.11963,
0.952751,
0.730105,
-0.0529785,
2.26135,
58.4197,
5.68713,
6.4331,
0.866129,
15.1328,
4.97788,
9.72829,
154.09,
0.406966,
-0.00764924,
52.2918,
22.4379,
65.2875,
0.954323,
0.979631,
3.5501,
2.3437,
41.2937,
16.2157,
-0.00932911,
-0.114869,
0.971239,
6.95255,
9.19423,
0.86962,
118.151,
-0.958417,
8.61191,
1.17258,
2.30029,
-0.649614,
0.801895,
0.994007,
0.899278,
-1.06471,
4.18797,
-1.05847,
16.7724,
4.22565,
73.4117,
0.619471,
20.8697,
0.996886,
0.962142,
2.26482,
0.298694,
7.53487,
-2.15988,
-0.0148777,
0.761571,
2.21955,
4.609,
0.881362,
-1.0203,
180.732,
14.7332,
15.8513,
9.67473,
2.12814,
100.642,
0.773315,
1.43135,
3.17295,
37.7967,
42.8532,
111.024,
4.76678,
0.279679,
2.15983,
-0.0322353,
-0.0243591,
6744.73,
-0.350363,
117.864,
18.2877,
2.27057,
-0.010997,
8.82558,
73.6698,
4.26437,
1.42992,
47.4315,
-0.111985,
1.48054,
349.777,
4.68108,
106.758,
2.03543,
0.839793,
0.9747,
-0.119925,
2.17821,
0.363947,
2.26835,
9.80324,
172.76,
0.794986,
4.76207,
-0.0985672,
-0.00680858,
1.79554,
-0.23701,
-2.44102,
3.13431,
80.0279,
76.5963,
0.971588,
2.25094,
0.855617,
-0.0810442,
2.37822,
30.9109,
14.8718,
4.73811,
113.922,
-0.249636,
8.87733,
70.3006,
5.96754,
-0.213046,
58.9287,
-0.0391679,
11.7394,
1.78239,
0.971366,
14.6316,
-0.206352,
-0.0689684,
64.9696,
-0.0597238,
0.595185,
-1.27747,
5.79937,
3.11141,
2.31908,
23.3487,
9.21647,
1.99912,
2.15246,
1.84452,
0.1613,
3.21567,
5.01012,
4.52645,
3.12837,
4.72525,
0.39832,
4.08749,
29.1175,
1.11054,
1.56475,
46.6815,
96.6059,
139.026,
22.7766,
100.73,
4.71581,
2.36078,
8.27713,
-0.0934676,
0.550902,
12.3581,
4.662,
7.78221,
134.489,
-1.00498,
-0.659988,
-1.36684,
4.75413,
0.660438,
0.299096,
-0.0154762,
-5.8064,
39.4472,
15.2776,
4.49778,
-1.36707,
-0.0870613,
3.65596,
-0.306367,
1.43133,
-0.432737,
-0.447866,
25.8846,
1.44853,
0.742775,
1.77559,
0.934814,
-0.0321816,
-1.07317,
20.8331,
27.8245,
9.36052,
0.96678,
1.4171,
3.76606,
0.418371,
6.14286,
17.4543,
4.75464,
8.29602,
0.409242,
72.01,
0.949881,
12.7318,
6.87319,
24.7643,
0.646256,
-0.00452281,
-0.0137657,
1.80379,
118.493,
-0.214097,
75.9515,
15.3544,
0.954725,
11.7035,
-0.0536981,
-0.00209991,
-0.0239851,
4.48751,
0.945306,
3.3688,
12.2056,
16.8266,
2.39044,
3.10453,
2.40909,
0.368089,
2.04967,
9.16628,
4.57678,
110.802,
45.1162,
2.62034,
1159.48,
1.3158,
-1.03834,
-0.00659196,
14.7309,
2.26355,
9.99225,
-0.203895,
2.93525,
32.2213,
2.32676,
29.743,
-0.0555482,
15.5761,
4.81354,
17.2417,
3.0365,
4.59246,
0.824089,
2.27495,
0.681045,
-0.0509372,
1.8392,
-0.158876,
-0.122615,
0.87139,
122.707,
-0.0620886,
74.5064,
0.581556,
-0.0140459,
33.6865,
2.32488,
74.1983,
0.674041,
0.999444,
-0.532506,
15.235,
66.0383,
17.3452,
-0.25218,
-0.849385,
4.48615,
-0.0190765,
3.10949,
-0.431,
-0.205585,
0.801441,
9.95667,
-0.708857,
0.96579,
8.19709,
0.875774,
13.0964,
-1.02594,
-0.853121,
0.283682,
7.14454,
0.750188,
0.510604,
-0.315037,
87.6263,
2.33706,
0.988386,
8.29842,
-0.458922,
2.11948,
55.2874,
106.699,
25.8783,
2.34531,
-1.25185,
0.39834,
15.6379,
1.63506,
8.95794,
1.06379,
17.8366,
-0.103456,
3.68243,
0.977845,
16.962,
2.3186,
-0.215385,
18.4439,
0.551817,
-0.21509,
165.584,
5.85333,
3.83789,
0.623277,
-0.0295166,
64.1094,
8.91104,
2.34798,
92.7804,
-0.433111,
-0.214183,
0.399214,
0.393342,
301.735,
53.4196,
4.48657,
51.7606,
3.86933,
4.46748,
2.32903,
1.13017,
5.71722,
47.1918,
4.07329,
-1.14349,
12.7133,
9.70672,
0.400242,
-1.22558,
9.88139,
0.662801,
0.953824,
4.98638,
-0.0223317,
0.982952,
1.42525,
-0.552144,
0.957059,
31.7901,
-0.0232283,
5.83871,
-0.00791418,
2.35764,
-0.486415,
20.0221,
16.7697,
2.08197,
0.792676,
3.04089,
-1.01855,
-0.0100675,
17.0505,
1.2139,
7.46027,
2.33562,
14.5175,
4.51753,
0.813902,
6.93723,
1.8918,
350.735,
-0.0693357,
4.90898,
-0.938287,
1.85993,
-0.0779718,
0.953767,
2.39831,
-0.0156353,
-3.54539,
-0.543631,
87.8182,
-0.0610043,
0.495307,
-0.0449602,
-0.0646619,
2.16414,
2.34959,
-0.511533,
19.2816,
-0.536588,
0.866056,
-5.47359,
11.906,
8.03419,
3.22003,
-0.053293,
43.4856,
0.751007,
-0.553044,
-2.83618,
1.44541,
2.18674,
1.42235,
16.6847,
2.13923,
2.38628,
-2.52691,
77.6148,
15.9363,
1.8231,
-0.0021126,
-0.0112584,
86.4609,
-1.16134,
153.69,
-0.47629,
27.7457,
-0.00469482,
86.198,
-0.165183,
0.652044,
4.67291,
3.26061,
9.81805,
1.87987,
-0.0126178,
58.1176,
0.914523,
33.3165,
1.90173,
86.5778,
30.0318,
-0.200914,
4.85672,
52.3291,
-0.0205721,
3.54705,
58.4452,
14.6094,
0.590243,
12.0285,
4.61094,
5.01392,
4.87406,
1.40016,
4.26803,
-0.0121494,
9.26549,
2.3758,
131.134,
-0.430966,
18.2385,
19.0604,
-0.321742,
95.9973,
-1.01408,
0.392167,
0.172018,
1534.22,
417.212,
-0.108376,
0.331464,
29.7699,
3.21001,
6.69297,
0.969082,
0.194588,
1.32423,
-0.053494,
-1.14587,
111.217,
0.897383,
4.10031,
0.873211,
32.2352,
4.69049,
1.75746,
-0.223839,
-0.434655,
53.1878,
0.126238,
-1.90383,
0.822807,
-0.420659,
0.457088,
2.81191,
1.99233,
15.2249,
4.77662,
4.94377,
4.9395,
-1.04695,
0.886572,
0.980145,
-0.449326,
-0.41923,
5.82164,
17.5563,
-0.0226368,
0.14854,
0.195999,
-0.0455586,
0.180298,
6.26214,
4.82749,
8.37857,
0.661289,
-0.0542531,
1.80426,
0.400239,
-0.0214576,
3.2585,
2.32573,
8.58528,
4.1631,
101.043,
2.28397,
-0.24168,
-0.0593631,
3.6598,
0.78895,
34.9978,
68.2756,
1.52497,
2.37951,
-0.0736724,
3.65426,
13.2948,
47.8063,
-0.0123678,
2.26749,
184.35,
11.8684,
8.42439,
-1.60831,
-0.212261,
2.08615,
2.23714,
53.0824,
118.089,
2.08675,
4.68551,
-0.208538,
13.7218,
-0.55376,
-0.420482,
-0.415703,
9.44603,
1.16262,
9.07528,
63.148,
18.8487,
9.95527,
15.266,
2.3927,
0.956484,
1.45633,
1.11201,
6.65988,
2.3804,
-0.421318,
0.813328,
-0.056157,
0.580873,
16.1361,
-0.547882,
0.391404,
23.6603,
12.7083,
1.7108,
0.934397,
6.59162,
8.30806,
0.976898,
-1.0482,
207.608,
9.12356,
2.16199,
98.6159,
0.0659,
-0.467551,
0.51237,
2.25113,
149.151,
-2.46375,
-0.604826,
2.36789,
-1.56107,
2.25138,
53.4712,
43.3594,
0.816839,
26.0156,
-0.501714,
-0.21086,
52.908,
1.47389,
-0.0218017,
-1.28978,
2.28573,
-0.0156376,
10.6441,
2.33359,
1.57267,
-0.305023,
2.05297,
2.34629,
-0.0550568,
-0.118416,
13.2593,
6.32902,
-0.167146,
0.398242,
1.37222,
4.99737,
39.9069,
1.44482,
-0.244858,
871.238,
14.5686,
4.39498,
-0.0728076,
3.81391,
-0.119383,
206.469,
3.79322,
19.7976,
6.71542,
0.978643,
64.5783,
1.14361,
13.6438,
343.112,
0.665093,
-0.0622464,
1.48801,
109.665,
-0.44292,
546.811,
0.398026,
5.93508,
1.82667,
26.1488,
-0.0311215,
-0.00465384,
14.5485,
0.985066,
14.4861,
0.228353,
-0.335347,
6.70224,
0.125363,
160.872,
1.61035,
-0.110716,
-2.14011,
0.954377,
9.69989,
0.898518,
4.96835,
-0.271306,
0.839701,
2.37924,
0.373155,
-0.198937,
6.02434,
-0.293301,
41.792,
2.3539,
17.2566,
-0.851209,
1.34779,
2.18822,
-3.98337,
21.7635,
4.69198,
-0.0191857,
18.1769,
0.407108,
0.652248,
4.73408,
59.0962,
34.3484,
-0.558349,
0.933041,
-0.0185838,
10.1381,
86.3955,
-0.207014,
-0.475616,
52.8708,
231.046,
50.941,
0.34025,
-0.00677839,
0.959325,
0.184354,
-0.0494343,
353.509,
-1.5781,
75.445,
0.413511,
-0.236178,
-0.227775,
-1.56901,
1.80348,
0.982882,
1.10447,
2.34338,
-1.54665,
94.6267,
0.572604,
-2.51685,
2.27717,
79.6717,
71.2978,
14.0603,
44.244,
-0.858783,
0.756638,
71.756,
-0.0715759,
0.973601,
-1.56808,
13.2848,
-1.42888,
-1.12376,
-0.0407672,
0.75308,
1.79902,
-1.25363,
9.28617,
0.886077,
16.7244,
9.83226,
14.4627,
0.285027,
-0.825256,
85.7329,
-0.155371,
9.06505,
49.41,
82.6493,
6.98802,
59.8367,
144.933,
-0.32191,
1.35418,
0.251834,
0.651941,
9.52012,
0.906512,
1.82697,
0.996783,
69.5605,
0.472214,
4.80806,
-0.109685,
9.94224,
4.08326,
7.39739,
17.9583,
10.7448,
3.45733,
1.19891,
0.133652,
25.1781,
-0.0030305,
0.145703,
30.1943,
2.03089,
54.0222,
43.3682,
60.4889,
1.84711,
2.28621,
4.53905,
2.03408,
-0.00314976,
4.71436,
0.885382,
4.11473,
1.82309,
9.37825,
4.86838,
8.72683,
0.285952,
8.2079,
1.75863,
2.11477,
0.948196,
-0.713064,
-1.23951,
1268.73,
48.3948,
4.63569,
12.1975,
1.1712,
-12.6944,
98.427,
19.6894,
13.8161,
0.787087,
-1.01789,
145.418,
0.887968,
10.0568,
9.50786,
-0.0579833,
0.905094,
-0.02957,
-0.137998,
-0.309623,
-0.289079,
-1.74967,
-0.434142,
4.4948,
2.04584,
0.70688,
6.53071,
93.6729,
0.849203,
2.14463,
-0.0672857,
2.3018,
-0.652064,
2.38475,
186.659,
15.9745,
26.8177,
20.5615,
0.963308,
8.77065,
-0.0103738,
41.7254,
-0.199616,
2.36329,
16.5037,
7.36181,
1.45295,
23.462,
7.03209,
1.01682,
13.5961,
1.43981,
2.13727,
0.769054,
4.53327,
-0.121212,
4.47636,
121.647,
-0.157268,
2.39065,
75.058,
0.340035,
4.86422,
-0.0188444,
0.904086,
61.1616,
4.8657,
101.201,
-0.0234705,
4.78539,
8.41259,
9.70803,
-0.100012,
1.6887,
2.132,
-0.10845,
1.17537,
121.384,
-0.00416207,
0.960928,
-0.458567,
-0.0322073,
-2.57251,
8.31679,
14.4597,
-0.11224,
52.3516,
-0.133605,
156.362,
100.326,
-0.121251,
6.1409,
-0.624427,
7.62343,
48.7573,
3.19043,
43.853,
18.4277,
50.5397,
0.72795,
3.05708,
89.2732,
0.91668,
0.986903,
-0.020028,
-0.20219,
-0.384111,
0.291772,
0.95497,
0.958694,
280.74,
-0.291987,
2.21543,
4.55236,
0.490363,
69.5459,
82.2139,
2.34437,
10.8509,
15.8981,
0.777217,
0.975817,
8.31568,
0.608601,
-0.464025,
2.27415,
15.0866,
4.57377,
8.2307,
1.93999,
-0.00521756,
0.928754,
96.8905,
4.60342,
4.9611,
4.54298,
11.9154,
-0.0935116,
2.39504,
-0.684042,
1.40148,
87.9548,
-0.204558,
-0.0202384,
0.557334,
-0.00603812,
0.187462,
1.83522,
4.70954,
160.263,
0.908652,
46.4066,
57.9126,
-0.438598,
-0.0148029,
0.183505,
-0.0986288,
0.87136,
0.272251,
8.46153,
0.987432,
5.88463,
301.806,
4.19591,
2.51094,
-1.75682,
4.48977,
-0.310117,
-0.0849652,
9.67706,
0.462704,
2.38298,
-0.0155737,
0.980946,
71.9198,
-0.26492,
-0.198579,
-0.134784,
0.41121,
-0.223897,
8.30169,
-0.328706,
13.914,
0.354274,
42.5162,
1.98084,
8.41615,
2.1412,
5.53217,
9.64613,
0.882569,
0.959426,
8.34559,
8.4417,
4.0714,
3.91936,
-0.314506,
-0.543771,
2.12311,
394.28,
2.2804,
4.3822,
6.72413,
14.4009,
30.2183,
-1.03827,
2.33349,
-1.25483,
17.18,
1.81953,
-1.54787,
0.938006,
2.29466,
4.69207,
1.64992,
0.22701,
0.664101,
-0.548453,
1.19,
4.51702,
3.7057,
20.4585,
144.146,
0.958012,
0.999789,
0.792949,
-1.14697,
0.982375,
205.472,
26.775,
0.628843,
-0.0921238,
-0.214969,
2.45227,
2.25705,
4.87792,
4.61425,
576.359,
-0.419366,
-0.217796,
5.77355,
19.763,
27.1101,
0.997193,
0.134089,
3.92959,
9.51809,
19.2997,
2.19652,
11.8516,
4.84992,
16.7773,
0.947038,
0.828871,
0.407554,
41.4983,
4.93925,
0.208901,
-0.372177,
2.17375,
521.529,
6.43637,
-1.22665,
0.943351,
1.47046,
1.73132,
4.77409,
30.1056,
-0.0249962,
4.68373,
4.12,
4.80268,
1.94143,
111.181,
-0.203741,
20.6665,
0.523598,
2.21473,
-0.0123265,
-0.00215026,
9.88558,
9.49275,
0.403738,
7.41825,
-0.2466,
9.568,
-0.582858,
23.7328,
14.6833,
4.64932,
2.25734,
-1.12205,
1.93996,
2.10388,
16.3697,
4.84804,
4.08079,
1.35521,
208.559,
0.972874,
-0.153163,
-1.01581,
4.93764,
1.47809,
0.394507,
17.0907,
-0.417905,
0.19502,
1.93848,
0.392421,
1.46955,
1.47914,
-0.0200444,
-0.483615,
52.1971,
30.3886,
-0.0504157,
633.24,
2.23332,
2.03393,
-1.06465,
1.60839,
20.2643,
213.736,
44.1951,
0.410195,
-0.00619825,
-1.03434,
2.22483,
0.160954,
68.057,
-0.0800296,
50.1204,
2.10176,
8.35717,
17.9523,
0.665306,
833.77,
29.4982,
47.1478,
5.25145,
0.404497,
1.20326,
4.98162,
0.992487,
-0.0196482,
39.7652,
4.86531,
1.9029,
314.63,
25.8937,
136.312,
0.909999,
48.5558,
34.7921,
8.89612,
43.8181,
0.935555,
9.69018,
0.793669,
1.86624,
69.0397,
0.787286,
1.48229,
-0.0201312,
2.6652,
-0.342886,
6.76599,
2.26491,
-0.207126,
89.0418,
1883.71,
3.29363,
117.379,
-0.00164715,
0.845154,
13.6588,
0.406039,
-0.200816,
1.47675,
328.562,
20.2551,
0.945307,
0.249444,
37.0129,
5.9088,
-0.439986,
-0.00189088,
0.37856,
-0.315233,
36.5464,
-0.837061,
-0.0724597,
1.94087,
-0.467948,
6.0206,
0.330126,
1.84147,
2.89049,
8.8504,
0.79047,
-0.21356,
-0.0191057,
0.332103,
46.1307,
70.9217,
3.19826,
-0.366331,
4.65636,
718.843,
1.99722,
12.4743,
0.945474,
-0.130448,
-0.220379,
13.9242,
-0.000279464,
2.31125,
4.85062,
0.930431,
-0.00416808,
2.246,
0.962656,
1.43443,
14.5323,
-0.442644,
61.876,
-1.13525,
3.37744,
0.899325,
-0.00123708,
0.36194,
1.37048,
0.860607,
1.59112,
-0.415182,
79.7386,
-1.06302,
0.64136,
276.867,
-2.53266,
-0.796704,
9.74496,
0.97802,
10.4283,
1.97969,
1.47764,
15.1728,
34.0515,
19.2653,
0.651138,
-1.14116,
-1.0259,
-0.0118581,
-0.517553,
1.59118,
207.263,
-0.414369,
0.793791,
0.612796,
-1.04423,
0.329681,
4.55328,
2.28522,
107.543,
0.667755,
2.66318,
9.95964,
1.80793,
0.648018,
0.119846,
20.5646,
4.64556,
0.957847,
14.59,
15.4046,
-0.142695,
-0.117785,
-0.0210724,
4.82194,
-1.74887,
17.3174,
1.75118,
-1.23553,
9.1174,
4.93915,
4.67641,
32.1223,
-0.00642471,
1.0792,
2.0507,
0.295364,
2.27688,
-1.0337,
7.83928,
-0.201626,
-0.923032,
-1.02273,
2.30284,
1558.36,
267.998,
8.00391,
23.7799,
-1.05634,
2.24197,
43.5074,
158.918,
1.97529,
4.85242,
0.946782,
0.981208,
2.23146,
0.963065,
0.791868,
14.9156,
1.44395,
1.47209,
-1.33619,
0.997443,
57.4367,
74.8593,
2.25987,
-1.11209,
4.51847,
-0.873382,
4.92094,
3.94782,
21.351,
301.208,
53.8003,
0.403414,
-0.496519,
0.866298,
15.848,
2.28581,
-0.0626119,
8.60553,
4.92438,
1.93668,
18.6181,
0.971974,
1.19487,
1.51715,
0.0721699,
-1.56128,
-1.20084,
119.204,
0.93747,
8.71409,
-0.0157733,
-0.416536,
-0.0120592,
3.39176,
0.994093,
54.3098,
20.6748,
40.2614,
15.5492,
336.438,
0.634222,
1.83659,
0.795277,
0.350063,
9.99906,
-0.0430812,
4.09285,
49.0323,
44.5027,
-1.12234,
2.09646,
137.06,
-0.103852,
7.14025,
56.6711,
49.843,
209.729,
13.8627,
0.735139,
1.37416,
37.6008,
0.952594,
-1.1454,
2.34966,
381.314,
-0.0153446,
1.56318,
13.2149,
0.976618,
-5.84138,
15.8079,
13.6803,
4.90783,
-0.460285,
6.19266,
6.01799,
0.999912,
1.16718,
2.27724,
97.4891,
45.8763,
0.912862,
4.53692,
1.30683,
1.34205,
4.94328,
16.5072,
52.57,
1.7259,
-0.00649359,
-0.0205149,
9.79945,
-1.00321,
-0.687362,
11.4438,
2.07558,
0.0858831,
5.94266,
-0.545696,
0.593723,
0.94627,
0.987503,
2.11386,
-0.0130739,
1.23256,
30.1738,
6.26083,
0.980268,
3.90436,
0.991365,
2227.76,
-1.0045,
-0.0208624,
46.0597,
0.387814,
-0.062039,
8.44728,
-0.213934,
0.87242,
13.8721,
-0.225787,
0.934271,
0.164327,
-0.237998,
49.2689,
-1.06224,
156.202,
1.92063,
0.619173,
6.74021,
-0.678803,
-0.0124717,
0.597224,
121.837,
55.5754,
4.53292,
-0.113617,
0.342078,
-0.0143868,
1.77783,
0.914903,
1.42607,
-0.440379,
2.30057,
10.0992,
0.295469,
0.3875,
53.231,
0.229969,
184.49,
-0.106151,
13.9635,
39.3677,
0.553412,
12.5557,
36.5673,
1.21674,
16.4153,
1.78781,
0.333219,
1.43759,
5.4595,
0.4841,
22.0882,
-1.53394,
2.39447,
88.2276,
-0.0241871,
43.6148,
0.965932,
-3.00007,
0.41005,
0.391227,
14.2904,
800.238,
-0.0722921,
10.0725,
0.301343,
907.774,
-1.2923,
2.38858,
26.7704,
-1.12039,
6.92218,
0.929706,
4.64085,
0.938557,
72.0599,
2.29546,
2.46226,
10.3803,
-0.0140481,
0.633436,
17.1993,
10.1084,
1.78128,
-0.109231,
0.60091,
4.44767,
-0.256672,
1.43945,
0.888615,
7.18283,
8.1499,
-1.07686,
0.0332617,
206.092,
-1.23772,
13.8134,
14.334,
37.5347,
3.40479,
13.9793,
1.42222,
0.361328,
-0.184908,
1.90357,
-1.1437,
4.69143,
-0.118423,
-1.71676,
30.7496,
446.451,
-0.0463376,
2.41525,
4.59667,
0.193372,
-0.558989,
-0.12425,
0.149267,
8.88678,
4.56658,
18.1734,
0.0973304,
2.3793,
2.63096,
6.34844,
0.971286,
0.860098,
217.572,
1.43413,
43.7119,
56.7036,
-0.823032,
0.314536,
-1.01833,
-0.132865,
4.78234,
7.45919,
2.11147,
-0.0187952,
8.30833,
-0.0571285,
506.636,
-0.437726,
-0.720702,
16.2421,
1341.6,
0.637247,
-0.221757,
3.10169,
30.4319,
25.9229,
0.395934,
4.77835,
88.4573,
0.753173,
59.5009,
3.19958,
4.68666,
-2.54231,
7.09288,
17.8962,
10.8495,
6.57616,
1.49437,
164.62,
24.2282,
6.0042,
1.10961,
-0.260809,
3.03246,
3.43982,
-0.685583,
2.35042,
1.10874,
0.502215,
0.627981,
0.655498,
-1.11285,
4.50555,
57.6127,
102.854,
0.331424,
0.808106,
984.638,
-0.0115035,
4.3706,
58.3988,
245.811,
9.43726,
-0.525388,
66.4806,
4.46196,
13.7059,
1.46749,
-0.710977,
21.3775,
3.69238,
-1.55168,
609.068,
259.461,
-0.00674136,
11.6222,
25.2441,
6.4329,
0.781771,
1.44587,
-0.117093,
-0.026454,
0.385571,
2.26187,
0.136814,
0.655575,
0.986798,
4.76144,
-0.00200556,
2.35295,
0.815976,
0.966856,
279.009,
81.6554,
6.54509,
-0.0182569,
1.6873,
0.820526,
3.14539,
-0.937063,
2.33263,
1.78646,
16.1413,
4.48916,
-0.0186681,
-0.0729735,
47.3781,
-0.096938,
10.5067,
6.5044,
2.27479,
-0.0225867,
0.634746,
4.46477,
0.954959,
2.34113,
4.87715,
0.97898,
4.83875,
0.634321,
0.179827,
-0.0382242,
15.4798,
0.151264,
10.1921,
7.36831,
2.30248,
8.29379,
-0.0302602,
2.22954,
2.31062,
61.5341,
-0.220807,
141.527,
2.35024,
-0.0876925,
0.870519,
-0.0584236,
33.2358,
122.32,
78.001,
1.86261,
2.00011,
-0.00156695,
61.303,
0.573646,
0.134117,
0.392235,
48.9233,
-3.88138,
0.140054,
0.396686,
-0.0196589,
1.39777,
40.8826,
1.99475,
0.955348,
1.20074,
28.3793,
14.6358,
2.37423,
1.1642,
64.805,
0.61316,
33.2277,
-0.109591,
-2.41862,
0.504268,
57.9668,
6.85968,
4.47994,
-0.0699729,
-0.0104507,
-0.00537671,
4.39915,
142.146,
2.35433,
32.657,
55.7276,
-0.00478285,
3.13867,
0.923807,
3.70246,
1.31785,
2.77931,
27.7647,
3.16727,
2.32898,
5.01352,
36.6344,
1.3713,
9.75945,
-0.565947,
2.06768,
13.5737,
73.0881,
0.983907,
2.3261,
0.746009,
0.978131,
2.61549,
-0.138474,
2.41378,
-0.0209437,
6.04736,
-1.09534,
4.95068,
-1.21347,
0.97667,
0.447162,
0.772875,
21.802,
1.44789,
39.3718,
0.949049,
1.34762,
-0.024298,
103.459,
48.0974,
4.68294,
0.64479,
10.22,
45.5387,
0.894275,
0.0978928,
-3.00159,
-0.012063,
0.954665,
1.45525,
1.68995,
0.973117,
5.7768,
24.4427,
-0.690529,
4.14268,
-0.220808,
0.970866,
-1.07059,
-0.0209181,
26.0327,
1.70812,
4.12743,
20.1488,
17.4808,
9.13262,
4.23179,
1.44676,
-1.69377,
43.6681,
0.105606,
3.59005,
-1.11209,
0.392643,
1.83345,
-0.0251508,
2.18245,
0.47369,
-0.0288705,
8.62191,
10.087,
-1.22193,
-1.00029,
0.782965,
-0.0375237,
4.53393,
0.9463,
0.971485,
1.80863,
229.714,
-0.0493799,
-0.433647,
8.68435,
49.784,
0.99457,
2.3168,
4.52038,
-1.00307,
-0.245476,
-0.428131,
-1.31601,
-0.488297,
0.403949,
-1.14725,
-0.362944,
21.8721,
0.400174,
-0.0159833,
0.957455,
-1.0123,
273.833,
0.986189,
-0.247395,
1.97838,
6.64424,
42.3005,
46.0564,
-0.223595,
-0.112692,
1.40711,
1.29051,
-1.07376,
2.56031,
-0.222775,
5.86328,
23.8737,
6.80298,
4.96278,
0.604834,
-0.0127272,
2.21804,
0.960673,
24.8676,
-1.56493,
-0.110265,
0.998126,
0.977484,
-0.919946,
52.7956,
0.958096,
0.328077,
61.4735,
45.6768,
-0.015492,
-0.0239261,
19.0196,
0.963908,
0.791833,
5.01348,
2.81679,
96.7704,
0.988941,
-0.159387,
0.846104,
2.37947,
2.33521,
13.6857,
9.35555,
0.951586,
4.52771,
3.94601,
0.981661,
0.818353,
55.8355,
4.79425,
-0.249463,
64.9491,
1.13313,
7.14853,
33.1286,
-0.0436419,
-0.0579047,
4.574,
4.9235,
0.803013,
20.1309,
0.879898,
-35.9893,
-1.02549,
-1.08285,
84.0678,
10.1419,
1.76502,
1.36879,
0.72008,
-0.0550786,
-2.9267,
156.26,
13.1825,
0.393945,
2.2751,
-1.14312,
-0.0028171,
1.99559,
-0.689838,
21.9593,
4.85744,
0.969224,
618.641,
4.13345,
0.992095,
14.8274,
0.987766,
8.93371,
4.29308,
-0.0198959,
8.78451,
-0.695256,
-7.68572,
16.5271,
-0.454768,
59.3803,
0.962773,
95.8485,
2.41037,
-1.03424,
45.5413,
16.5656,
-0.0505995,
14.3638,
168.779,
0.896593,
0.896601,
45.1413,
12.4516,
4.64209,
0.956793,
50.6616,
23.5174,
-3.02321,
-0.0602061,
1.47543,
8.52774,
10.652,
-1.05683,
2.28342,
2.04605,
-1.28064,
-0.0425333,
4.72386,
0.658778,
3.64001,
13.8121,
1.43949,
0.844968,
0.746565,
-0.0139177,
1002.48,
-0.253556,
-0.0251903,
0.297504,
40.7395,
16.0321,
12.4218,
7.07282,
6.73328,
0.655661,
-0.00105904,
3.90344,
-0.0277226,
20.3381,
0.188416,
-0.0229847,
-0.437004,
-0.0112199,
1.79396,
-0.118689,
-0.689921,
10.6409,
4.83579,
0.273911,
2.09094,
1.42905,
0.649256,
4.69915,
125.502,
-0.563983,
22.2084,
0.391747,
52.8214,
-0.0846017,
4.34398,
14.8035,
0.462009,
4.61262,
-0.0534273,
-0.441914,
-0.00431852,
2.16726,
143.861,
7.26533,
3.24799,
-0.0560007,
8.90372,
0.871388,
0.642718,
13.1238,
370.91,
1.67208,
0.794085,
-0.0630145,
0.987819,
0.657004,
0.997669,
2.05484,
2139.16,
-0.0101612,
-0.0142023,
4.92216,
-0.427777,
3.19862,
43.7853,
16.2961,
2.44205,
62.9172,
-0.668813,
-0.0471245,
3.82467,
0.835696,
-0.22494,
-0.0756639,
-0.435123,
93.16,
1.16108,
1.41527,
0.991794,
0.450765,
-0.00626673,
-0.495017,
7.93292,
122.867,
4.87403,
6.16549,
2.32418,
20.9058,
0.8959,
3.08958,
-2.83811,
-0.56339,
0.958423,
-0.678348,
17.4518,
9.99328,
0.385221,
10.7863,
2.33515,
8.98093,
536.36,
-0.47992,
0.978219,
8.24297,
9.49424,
7.3641,
4.75479,
1.82589,
2.37385,
398.141,
-0.0126451,
2.13229,
0.979457,
2.92908,
16.3261,
124.363,
3.92564,
1.51444,
-0.832767,
4.94833,
-0.220681,
0.952761,
52.0872,
45.029,
7.16164,
25.653,
49.1109,
-1.57294,
23.1946,
96.4672,
63.6814,
69.3527,
0.348573,
142.29,
1.65362,
0.985671,
331.268,
2.10538,
41.2362,
-0.0124848,
-0.083119,
0.291586,
4.82021,
-7.32611,
2.37397,
2.14858,
-0.0346935,
76.0302,
-1.01609,
-0.0235826,
2.11834,
0.957866,
3.9427,
2.18816,
199.646,
-0.00842895,
660.281,
5.88948,
-0.0132369,
288.271,
0.286952,
0.184261,
0.870279,
-1.56019,
3.19823,
507.063,
61.0413,
109.465,
0.407561,
0.256466,
-0.00423077,
-0.225217,
4.65748,
0.548835,
-2.51288,
24.7744,
48.0142,
30.3751,
4.887,
43.006,
-0.121132,
0.297733,
-0.515412,
0.908299,
4.74007,
61.3971,
-0.0727723,
26.919,
0.998081,
185.99,
2.76362,
2.37523,
-5.32662,
10.0598,
2.34115,
-2.16521,
175.371,
39.9818,
0.0948355,
1.78671,
56.0851,
-0.172971,
25.2768,
68.4682,
2.4112,
0.388104,
73.3018,
2.73685,
-0.0150926,
0.341347,
0.612079,
13.9611,
-0.42116,
1.44722,
19.9184,
0.784965,
4.73923,
-1.56647,
0.584139,
-0.0636153,
53.8036,
-0.12167,
-0.0021001,
0.394488,
0.971153,
-0.43307,
3.75179,
2.26247,
-0.423696,
2.5369,
0.64566,
-0.429897,
1.81625,
3.8802,
-0.018855,
2.35304,
77.9483,
2.36392,
-0.0311258,
-0.0184083,
0.611058,
0.867044,
-0.691402,
0.91327,
2.28465,
-1.5635,
3.98403,
0.389066,
-1.04216,
-0.0502798,
-0.0774051,
-0.026047,
0.387226,
29.92,
-0.126961,
4.31814,
8.71755,
1.16172,
0.255632,
4.85431,
63.0586,
0.414187,
9.97834,
0.967578,
-0.116212,
13.627,
250.356,
8.75847,
-1.24857,
2.62833,
0.990041,
-0.672653,
-0.0262582,
0.585447,
7.81522,
0.86617,
9.14115,
64.9674,
-0.0518863,
-0.227497,
0.715745,
12.7231,
4.65418,
-3.04857,
42.4428,
145.05,
-0.0407256,
0.963665,
2.29222,
-0.555423,
-0.0643176,
53.1589,
4.9918,
2.01952,
0.848242,
-0.06217,
227.547,
45.951,
0.196471,
19.4179,
65.5126,
3.1503,
19.3585,
0.987257,
-0.0172712,
-0.0235154,
3.24106,
1.29871,
-1.02968,
6.02934,
0.357483,
-0.0222268,
-0.203462,
2.2951,
0.403178,
-0.312068,
23.9445,
0.918408,
-0.690652,
-0.478512,
-0.0486865,
0.284046,
-0.271036,
4.63221,
229.932,
0.970329,
1.47192,
38.5651,
34.1449,
-0.0369585,
2.29108,
0.329518,
1.66652,
-0.0395393,
-0.217426,
1.82637,
0.953438,
-0.0747974,
-0.440892,
2.40678,
0.236735,
1.36636,
-0.018144,
60.4702,
5.02409,
-0.0629931,
0.175799,
-1.50276,
-0.205366,
0.898741,
1.8174,
0.811236,
0.930515,
193.78,
13.6452,
4.66893,
1.48557,
8.82789,
71.5837,
0.965946,
48.478,
-0.215884,
3.62054,
15.2904,
62.7159,
238.518,
-0.382359,
96.0708,
0.640715,
-0.208797,
-0.456332,
67.8044,
2.17985,
2.48031,
136.935,
63.653,
2.00414,
-0.201225,
32.6648,
-0.0145404,
2.26409,
85.4045,
42.3545,
69.1175,
0.972507,
4.9335,
0.624255,
1.82429,
55.6452,
-1.00953,
33.9263,
0.246753,
0.195637,
0.575708,
2.34286,
0.644832,
6.06052,
2.36727,
0.634185,
0.796983,
4.97293,
0.965841,
0.388948,
571.437,
2.11633,
5.09655,
14.8778,
-0.0597222,
0.673019,
1.7868,
-0.0985569,
-0.0140395,
-1.2605,
-0.368598,
29.7122,
0.926498,
-0.119094,
3.07434,
-0.0187155,
0.363321,
0.389201,
0.827095,
-0.0133358,
-0.275264,
16.9833,
0.986106,
-0.00973153,
0.928831,
0.952496,
-1.08157,
0.992164,
21.5338,
-0.119345,
-2.72349,
1089.59,
1783.43,
1.2114,
7.16384,
-0.0257812,
-1.00378,
-0.05023,
55.3425,
0.992219,
0.177168,
-0.0774177,
3.07978,
78.2275,
2.35871,
1.20783,
50.4822,
74.8004,
2.30146,
0.772417,
0.967188,
2.40649,
-0.211239,
435.395,
1.48,
-1.02744,
1.66222,
-0.0189851,
4.59092,
0.894679,
4.50685,
-0.673848,
15.2942,
-0.0130436,
4.85614,
-0.254842,
-0.0166175,
65.5987,
226.113,
2.28033,
0.226225,
36.2583,
0.395448,
35.2296,
1.4667,
-0.278066,
2.36851,
0.468464,
-0.481025,
-1.73877,
-0.0018099,
-1.0357,
7.30151,
9.91129,
-0.47639,
4.72552,
102.131,
132.765,
-0.270441,
5.7719,
44.6452,
-0.235931,
0.640746,
2.01561,
2.18416,
36.7709,
9.20326,
-0.0461569,
35.4785,
67.3279,
-0.00930548,
35.4151,
43.19,
0.992281,
7.26947,
15.7869,
0.618994,
-1.02139,
43.856,
34.6396,
282.81,
-0.130206,
14.6648,
0.97826,
0.601197,
378.216,
-0.548437,
7.74508,
2.31606,
113.97,
-11.8126,
7.17087,
5.94854,
1.21605,
0.816629,
3.51074,
2.32827,
1.81745,
0.819917,
115.323,
1.38159,
8.27839,
-1.38922,
13.8824,
-1.0034,
0.997601,
5.70058,
42.2021,
16.1647,
2.04524,
13.8535,
2.30037,
23.1447,
0.590193,
-1.72697,
6.6759,
23.0365,
14.1819,
0.808442,
-0.420802,
0.396766,
55.647,
-0.553416,
-0.120706,
60.4014,
2.26063,
2.27339,
0.119928,
1.78221,
0.968102,
7.48068,
54.4794,
0.637092,
4.00373,
270.702,
8.39569,
1.98887,
4.59589,
2.97004,
119.661,
0.665584,
0.468397,
9.40518,
0.195981,
1.20733,
-1.04221,
4.59746,
0.954449,
1.58357,
0.210238,
0.953429,
3.50408,
-0.439651,
59.8836,
-0.41994,
4.414,
2.31088,
18.1636,
7.48664,
147.801,
43.9872,
28.5307,
-0.0335473,
-0.017703,
0.568851,
-0.252701,
0.584758,
27.9257,
10.0094,
2.01155,
0.655573,
22.4473,
-0.0342945,
135.035,
1.46806,
4.73611,
2.17714,
-0.0955752,
1.08467,
0.852067,
1.05313,
0.958995,
105.111,
-1.8004,
53.4828,
4.65597,
0.84033,
0.853482,
113.098,
52.746,
20.6375,
173.539,
9.20325,
27.2342,
-2.6964,
0.744669,
0.979136,
0.740895,
8.90677,
-1.62895,
616.773,
-1.00151,
-0.434798,
-0.000776912,
2.7493,
0.34316,
155.706,
2.00664,
0.932552,
12.8511,
0.667781,
-0.0512652,
-0.20456,
0.65181,
2.35412,
85.5466,
139.011,
175.849,
-0.108072,
-1.06129,
174.672,
25.2034,
16.1556,
0.224834,
3.07758,
0.98131,
0.503777,
73.5531,
4.58973,
0.975384,
-0.0104772,
2.26323,
0.613075,
71.6121,
-0.917995,
2.28678,
-1.06123,
130.051,
-2.41995,
15.6996,
0.969279,
1.74704,
2.37194,
2.07065,
11.672,
0.862581,
-0.265399,
13.6904,
-3.72334,
-0.00380816,
9.44145,
21.9156,
48.2426,
-0.372929,
-0.229127,
6.50164,
146.095,
2.01388,
0.92607,
-0.41976,
9.7235,
0.121022,
-1.56899,
1.85359,
-0.105811,
4.60139,
7.13597,
60.4319,
0.208342,
0.174251,
4.90659,
2.17729,
-0.441579,
-0.948678,
-0.171859,
0.952454,
52.0593,
3.88156,
82.9054,
0.894394,
0.963074,
137.005,
2.29828,
-1.06878,
51.2058,
15.4191,
17.183,
1.21983,
-3.19365,
7.63757,
48.4333,
1.81873,
0.840962,
15.9904,
-0.0054246,
-0.157275,
0.975984,
12.3736,
0.787996,
3.23265,
-1.04793,
-0.0119223,
0.508714,
-0.0819069,
15.7945,
3.04684,
1.68415,
3.78297,
0.656102,
1.09155,
-0.23485,
0.638177,
154.038,
-0.225076,
-0.206128,
-0.0431424,
34.3492,
0.959047,
0.587153,
-0.726759,
-1.02466,
6.34915,
9.85312,
1.46335,
28.6046,
2.53626,
10.0275,
-1.02018,
18.1802,
21.6344,
2.32685,
1.87027,
-0.0729996,
40.5354,
4.81259,
0.965712,
1.88757,
16.5125,
0.275321,
-0.110885,
2.36183,
-0.123249,
0.56834,
-0.0103036,
44.4879,
0.28604,
9.81022,
1.81046,
5.87946,
9.00585,
4.79624,
-1.98452,
2.41271,
74.8219,
2.88657,
2.28431,
0.802971,
9.63151,
4.91695,
-0.170852,
-1.27241,
-0.0127103,
22.5109,
-0.0103937,
466.324,
-0.169467,
-0.0156129,
16.9707,
-0.209434,
4.78876,
43.7003,
28.4506,
21.2227,
10.078,
-1.00905,
-0.00499984,
78.684,
-0.00270442,
0.179661,
0.46554,
0.61741,
0.922674,
-1.23338,
0.893229,
4.70171,
0.837218,
-1.06926,
-0.460852,
12.7415,
1.46969,
1.47769,
75.8708,
45.3905,
0.770084,
18.008,
-0.00685402,
0.702355,
-1.02483,
2.36242,
-0.0266394,
0.35461,
9.10727,
783.439,
1.34428,
-0.220452,
-0.02586,
0.893042,
0.384536,
0.992609,
-0.243212,
1.75635,
-1.15672,
-0.427121,
2.30374,
0.800166,
-1.02083,
4.83085,
144.811,
7.6637,
1.2155,
3.0522,
42.4336,
2.27964,
637.004,
1.78433,
10.2896,
-0.441854,
0.894871,
0.645332,
-0.0260342,
3.26375,
26.2192,
5.91744,
2.31036,
1.83383,
-0.220352,
2.41164,
0.957523,
188.406,
16.3514,
2.28937,
2.143,
-0.0477705,
-0.254716,
49.0024,
3.38844,
0.515056,
24.0949,
27.6464,
2.0891,
34.1833,
10.0582,
0.927898,
1.75807,
2.26558,
0.360874,
42.8464,
-0.154124,
91.4713,
0.95456,
-0.19446,
16.4057,
-0.0544378,
0.962879,
-0.0628369,
0.913424,
0.311172,
1.42664,
2.70575,
1.81615,
-0.153859,
9.90794,
2.39897,
13.8287,
1.71558,
30.7175,
10.077,
0.994375,
1.72949,
-0.419038,
0.96739,
6.27429,
-0.676707,
-0.634826,
162.402,
-1.64171,
-0.541895,
-1.14303,
0.535094,
1.18078,
33.119,
2.37693,
13.762,
0.932971,
11.5257,
-0.678226,
4.57263,
11.1264,
1.84914,
0.888554,
0.968222,
-0.172923,
119.819,
2.35996,
0.781359,
-0.567,
1.08347,
2.19332,
0.892004,
4.88154,
2.15869,
22.2119,
4.97467,
4.51515,
0.966162,
-1.64511,
4.44403,
-1.03176,
-3.41261,
2.25912,
2.3687,
2.29443,
4.65286,
1.454,
4.72503,
122.225,
-0.156229,
1.42655,
3.63199,
4.80247,
89.7326,
1.99018,
1.25021,
8.98043,
68.2373,
33.5893,
5.93385,
21.8299,
-1.3441,
3.51269,
9150.81,
4.33414,
41.4878,
-0.538372,
5.00478,
13.7401,
4.76371,
211.828,
-0.00320275,
-0.477936,
-0.54666,
0.398208,
2.34003,
-0.0102431,
124.506,
0.964496,
-0.00924212,
4.86746,
53.2925,
1.88783,
10.9551,
2.40804,
19.3704,
-0.14522,
4.90172,
4.66361,
-0.245532,
0.627076,
4.55806,
-0.00540063,
25.7303,
2.13229,
8.43791,
1.32437,
41.2712,
110.468,
2.40588,
21.1762,
0.413218,
2.24557,
0.758106,
2.36417,
4.99458,
93.0139,
-0.122564,
1.31795,
0.594413,
7.99428,
0.839484,
142.637,
1.12347,
0.951675,
138.37,
17.9392,
3.99394,
12.1051,
4.54798,
595.443,
-0.104337,
-0.208317,
294133,
71.5579,
2.33416,
0.511281,
21.6873,
3.90811,
-0.727084,
2.33636,
4.56438,
-2.46992,
3.29247,
-0.124124,
7.51145,
-0.440854,
4.98995,
-0.172897,
10.0449,
0.36417,
-0.429133,
4.9684,
0.384214,
0.880456,
0.908746,
1.06729,
-0.441168,
-1.04159,
463.315,
-1.03485,
1.13304,
4.06134,
20.9115,
3.94687,
-1.64481,
-0.42124,
-0.562359,
-0.466818,
2.50856,
-1.14046,
-0.000850108,
6.78263,
-6.87087,
-0.54217,
4.46326,
151.96,
-3.14098,
28.2398,
9.0239,
1.42432,
0.820151,
8.86935,
4.46937,
1.41063,
-1.37794,
-1.03184,
4.9823,
2.1623,
-0.433746,
2.01639,
43.5015,
-2.44383,
2.31208,
-1.53546,
58.6241,
0.748908,
25.8644,
7.30517,
0.972491,
0.95443,
32.4439,
3.66675,
-3.60538,
8.66189,
13.897,
21.0559,
-1.13759,
0.88349,
0.874382,
0.754935,
-0.0111252,
-0.188946,
66.9914,
4.85106,
3.64534,
-1.24583,
-0.536137,
-1.12611,
2.13922,
101.031,
-1.54574,
2.35722,
0.578161,
43.7274,
-1.5536,
-0.331534,
0.728867,
2.3694,
-2.09142,
0.968755,
977.821,
2.27345,
5.23064,
45.8961,
13.4872,
0.392694,
1.16336,
0.797937,
2.09337,
144.289,
-0.702226,
2.20827,
0.61947,
-1.15137,
-0.618946,
-5.1231,
2.35782,
12.5167,
2.28106,
0.724069,
4.81611,
0.995442,
9.65319,
6.02125,
1.43995,
2.26535,
2.10187,
2.30175,
-1.24372,
-0.0274421,
62.3234,
-0.575639,
0.798708,
3.29262,
0.944794,
285.736,
0.969146,
-0.00873049,
266.241,
0.64834,
118.802,
4.2443,
20.5535,
-0.275666,
19.8182,
4597.19,
0.727105,
1.78043,
1.81822,
-0.424674,
0.387112,
0.976637,
4.5891,
0.403141,
2.11776,
-1.12746,
0.624399,
-6.12076,
2.21752,
3.12557,
0.526766,
43.3001,
0.378925,
40.2581,
82.1048,
0.652861,
-0.0120108,
0.982292,
228.375,
0.967252,
41.6358,
1.39085,
98.7857,
-0.695202,
2.0853,
-0.111987,
-0.100032,
4.7178,
2.72231,
4.54848,
-0.247765,
51.8006,
-0.0986329,
-0.127337,
2.33321,
2.40322,
3.93468,
16.8024,
22.831,
-0.114539,
0.0246206,
69.2669,
-1.00052,
1.80117,
2.28615,
3.25862,
1.87131,
-1.50672,
0.517098,
0.941132,
49.7978,
75.3577,
114.175,
-1.51038,
85.9819,
-0.0166331,
78.7546,
1.52817,
29.1709,
2.31462,
-1.50331,
9.65376,
0.949983,
-0.136399,
4.60999,
4.23451,
7.02041,
-5.46022,
1.16619,
3.01247,
66.6734,
0.801663,
0.647846,
4.04504,
-0.210536,
2.06214,
0.395312,
-0.106287,
34.7861,
-1.22934,
15.0196,
2.40875,
-3.31009,
8.07815,
2.31779,
2.19747,
35.3022,
-0.109003,
-1.04344,
2.40222,
86.9373,
8.77739,
65.1733,
8.34283,
10.362,
2.24358,
15.089,
7.46455,
-0.550602,
0.287214,
0.924801,
15.092,
0.377614,
-0.0197604,
10.1089,
4.74684,
22.1953,
43.7981,
0.908958,
-1.04049,
12.4643,
-0.208928,
14.6076,
8.40977,
-0.0125256,
-1.07821,
0.991287,
26.9232,
0.409295,
356.957,
28.8288,
8.84502,
1.85298,
7.60951,
7.48963,
3.2566,
6.23792,
0.93967,
-0.68199,
6.52224,
2.08502,
0.400923,
46.0197,
8.99762,
28.4667,
0.976197,
2.00257,
0.807,
78.4476,
1.47009,
1.25562,
62.7761,
0.958497,
-0.0873755,
-3.54199,
-0.133223,
2.32521,
8.49269,
0.954543,
-0.203867,
-0.150364,
82.6492,
10.0741,
0.706507,
0.943532,
42.3019,
742.568,
0.167325,
-0.46067,
-0.565381,
7.25917,
-0.015666,
2.08912,
33.6761,
22.9005,
-1.0136,
-0.756797,
-0.617284,
2.26659,
6.03223,
3.9353,
-0.0213145,
2.00964,
4.57128,
-0.0244187,
-0.452555,
-0.837157,
0.356204,
7.45191,
4.91556,
13.9269,
-1.1347,
-1.03706,
53.9082,
-0.415553,
-0.0184253,
-0.25042,
-1.92754,
-0.00987274,
9.1293,
-0.0114643,
-0.150491,
54.3659,
9.8714,
0.359396,
14.2473,
4.48749,
2.13326,
0.348792,
2.26401,
3.15219,
2.63465,
21.9509,
213.071,
0.887025,
4.54286,
22.0758,
0.876039,
-2.58413,
2.39868,
72.4933,
0.819461,
4.92948,
-0.0647156,
40.8348,
2.93109,
-1.11535,
2.18941,
2.05839,
1.18238,
2.39168,
0.368449,
-1.12212,
0.320796,
3.06306,
8.7406,
3.62815,
-0.00135531,
0.509557,
0.998762,
-0.0419838,
-1.54963,
88.8546,
1.62109,
2.83148,
0.404086,
2.38828,
0.330671,
-0.259428,
23.6915,
-0.440836,
24.8054,
3.06232,
178.376,
8.46615,
12.4011,
9.57252,
121.934,
47.9555,
2.34195,
0.851844,
1.45851,
1.76828,
2.25323,
-0.0306082,
-0.109209,
-0.00856249,
3.2846,
4.50861,
0.667202,
-0.224209,
2.18874,
0.976353,
-1.08129,
0.534482,
0.566803,
3.14948,
3.7604,
-1.41204,
5.4806,
2.35155,
-0.00697448,
-0.692252,
327.766,
-1.03951,
2.34063,
1.9957,
460.664,
-0.0714765,
-0.0203169,
17156,
7.8548,
0.63762,
106.151,
21.8842,
-2.46802,
146.848,
0.812767,
-0.431112,
3.74171,
9.94241,
52.7767,
-0.213905,
75.045,
1.05903,
0.990502,
1.20373,
-0.438982,
-0.167397,
2.30322,
4.48572,
-5.5119,
4.74687,
-0.00359328,
5.40454,
2.01732,
-0.455558,
16.1289,
2.27244,
3.44405,
-2.4866,
21.9879,
67.1497,
0.282447,
0.387075,
41.7381,
0.882266,
0.657425,
2.27831,
-1.0278,
-0.433168,
17.6802,
43.3819,
0.144232,
34.1586,
-0.225792,
-0.2421,
-0.0235945,
0.655918,
2.36985,
0.785162,
1.1186,
4.68024,
4.76468,
34.906,
0.967446,
0.826221,
2.56458,
-2.76022,
1.84453,
-1.54947,
36.0211,
2.0066,
16.0896,
1.42267,
-0.0151185,
2.26359,
-0.122285,
28.8737,
0.0772985,
53.824,
111.29,
-0.20645,
8.96535,
-1.2574,
38.1954,
40.7926,
0.830401,
-0.368413,
878.616,
36.4002,
3.2312,
4.1266,
4.75305,
7.11948,
41.6931,
-2.18769,
4.94542,
-0.106724,
73.6432,
0.23984,
-0.0643789,
-0.00797319,
-0.122684,
22.4726,
10.5761,
0.66158,
4.7183,
2.23078,
2.19459,
-0.691679,
35.043,
-0.434615,
2.36864,
2.12467,
-0.109614,
0.972885,
1.21541,
-0.0580434,
0.878783,
-0.0202301,
0.743051,
24.0059,
-0.700071,
2.40027,
0.279875,
13950.3,
-0.0173476,
-0.0913001,
5.81744,
46.6431,
3.05525,
0.878896,
27.5512,
228.484,
-0.419341,
9.06142,
0.788969,
-0.430441,
11.903,
1.21405,
-0.0181701,
0.332227,
-0.227766,
23.954,
1.75439,
-1.3683,
28.2829,
0.664879,
-0.0188269,
3.04584,
14.578,
297.46,
0.78706,
-0.43207,
7.12462,
0.3922,
168.818,
2.3478,
-2.18739,
-0.0325357,
1.38255,
-0.458982,
0.104545,
2.37507,
-1.25746,
0.752947,
19.1944,
2.69108,
26.5681,
2.41326,
2.28484,
-1.07352,
-0.275207,
1.16494,
1.85828,
1.74375,
-0.415363,
0.599618,
119.183,
0.885065,
4.36871,
1.84326,
-0.0534722,
-1.57167,
17.3534,
224.42,
2.31568,
2.17806,
-1.0344,
4.0775,
-1.56681,
-1.39441,
53.1675,
-0.101138,
21.6292,
2.76397,
-0.157324,
0.246666,
31.3369,
2.28786,
-1.2785,
11.8441,
-0.187068,
14.7366,
3.98479,
4.81585,
46.5432,
0.394238,
-0.746823,
0.649734,
2.27009,
4.27645,
-0.245657,
2.92629,
0.39602,
-1.56518,
164.623,
1.16705,
-0.10907,
-0.436492,
-0.105302,
3.20706,
-0.105853,
0.034389,
-0.207912,
-0.202751,
7.50113,
-0.231315,
35.8555,
0.627383,
593.652,
18.2478,
3.19745,
7.34717,
4.53803,
0.94278,
-0.324704,
98.6151,
0.358601,
3.12298,
-0.200736,
30.9509,
7.72974,
-0.0171454,
1.79474,
72.4916,
-0.239904,
-0.0392059,
5.98395,
9.08861,
31.614,
0.387912,
4.46225,
-2.60111,
-0.441988,
69.3116,
-1.97302,
0.959973,
0.963612,
0.804593,
0.982579,
0.769903,
3.48864,
0.593685,
0.48179,
2.20828,
2.1429,
59.0791,
-0.447547,
8.37114,
8.02614,
0.762029,
7.65463,
2.69703,
0.934778,
2.03094,
-0.725257,
60.1252,
1.7946,
0.938533,
0.619591,
0.942328,
-0.0179894,
-1.03388,
-0.241936,
9.11732,
46.6296,
1.32627,
-1.25761,
8.69636,
-0.0162795,
0.579199,
29.1619,
0.783879,
-1.03838,
1.80628,
-0.200796,
4.96666,
4.87175,
24.6527,
8.55763,
107.852,
5.02225,
4.36973,
26.6052,
4.93121,
-1.06799,
-0.204116,
-0.232676,
8.82348,
2.27862,
2.36096,
8.78402,
-0.514522,
3.53846,
-0.313558,
1.25991,
201.22,
4.48167,
-0.0786263,
149.809,
3.84841,
2.38205,
31.7947,
-2.12814,
28.5363,
2.32319,
0.139239,
2.32241,
-0.237545,
8.37509,
14.5174,
-0.0496137,
4.52444,
2.3221,
0.665947,
2.346,
72.1663,
1.58725,
17.5985,
19.453,
-0.0476438,
2.26464,
1.82765,
0.403346,
42.4178,
-0.0127536,
33.534,
-1.44744,
76.9574,
-0.149807,
-0.220926,
14.1649,
8.57569,
2.20563,
0.296829,
0.14592,
4.51668,
4.52797,
61.0048,
0.395723,
0.388127,
1.44074,
36.8827,
18.6123,
19.3688,
47.0076,
0.9005,
-0.113765,
8.99694,
1.19847,
6.21509,
29.3385,
32.8434,
-0.20143,
2.71256,
29.6752,
14.4692,
-1.24349,
4196.07,
0.935123,
1.68425,
-0.00643404,
0.976906,
-0.0388559,
30.9469,
45.6942,
-0.212765,
0.867112,
0.852849,
0.414143,
0.954471,
96.938,
0.436062,
0.878237,
4.4605,
2.20986,
-0.247442,
476.606,
-0.0313074,
-1.72076,
4.81912,
3.24669,
22.0366,
3.2626,
-0.20253,
0.999455,
75.0649,
26.3702,
41.7865,
1.21836,
-0.103095,
0.981022,
-0.283271,
6.0543,
6.04449,
4.88668,
1.18784,
4.60835,
2.26727,
-0.455924,
0.997081,
2.71074,
0.198563,
-1.03828,
1.30749,
0.168174,
378.668,
0.951437,
3.07722,
235.601,
4.82218,
-1.02371,
940.361,
12.7043,
53.2444,
20.13,
4.48786,
16.306,
1.79256,
-0.45701,
14.861,
-0.0150984,
1.74963,
-0.046901,
0.666407,
1.49229,
50.2983,
12.8474,
-0.223203,
0.913633,
-0.216974,
0.475194,
1.06257,
0.898515,
21.7043,
44.8772,
3.90878,
2.90525,
16.6808,
0.58267,
8.7842,
9.15959,
14.775,
0.873565,
2.30929,
0.285238,
-1.14962,
14.9708,
1.20742,
0.385933,
0.572308,
0.835202,
-0.0227045,
44.3846,
9.66585,
2.31674,
-2.42144,
13.7546,
-0.255404,
2.40484,
45.8866,
0.574512,
770.117,
0.635615,
-0.0343412,
-0.498652,
57.8795,
38.0705,
49.2962,
0.880908,
-1.03783,
-0.00243773,
-0.154634,
0.6058,
4.83647,
-2.68988,
1.82283,
19.2143,
-0.25261,
7.36035,
76.9646,
0.725716,
4.57824,
4.19178,
0.970307,
43.4658,
37.9741,
4.75105,
244.191,
-5.26634,
69.6903,
-0.104262,
29.1982,
8.53411,
11.1705,
135.044,
4.84868,
-0.469917,
55.568,
36.1337,
73.9767,
2.20215,
-0.0528217,
0.579594,
3.25534,
0.979265,
-0.0586287,
15.484,
0.328265,
-0.556692,
9.20926,
7.60496,
1.09384,
1.49265,
-1.58742,
62.7862,
-0.312625,
-2.42615,
8.11741,
4.73604,
-0.00641315,
4.72436,
46.0579,
4.81896,
3.24002,
43.7966,
0.810749,
4.89942,
2.38932,
-2.49523,
40.1992,
-0.0445578,
0.621424,
-0.142894,
97.5621,
4.47249,
-1.03244,
19.8357,
-1.22186,
-0.438444,
57.6,
48.6646,
52.6473,
53.2352,
4.45859,
109.111,
2.29616,
-0.200064,
6.87405,
1.48725,
2.36963,
821.703,
338.718,
49.6001,
0.282753,
-1.0218,
198.745,
-0.0109599,
-0.537824,
0.195752,
-0.128252,
0.664181,
10.9584,
8.97613,
316.063,
0.767735,
2.23224,
1.43851,
1.49143,
-0.0794408,
51.9638,
22.5521,
0.335056,
2.94022,
0.783084,
6.51624,
0.656247,
0.518382,
180.158,
2.24993,
81.1589,
6.45036,
0.910436,
85.8445,
13.8274,
2.14144,
1.35151,
-0.206724,
0.86481,
4.6468,
0.631043,
4.34137,
1.42536,
50.0458,
27.7183,
7.70906,
4.58663,
-1.25024,
-1.09072,
0.291904,
108.456,
31.214,
98.4826,
0.635822,
1.72269,
1.85608,
-0.203112,
0.746566,
2.01661,
0.783841,
21.3761,
1.1783,
-0.559922,
-1.27014,
-0.00751307,
41.6354,
4.16319,
3.0013,
1.85678,
6.07195,
1.54913,
-0.103451,
0.609312,
483.62,
9.03838,
0.986533,
-0.0294554,
-0.433288,
1.85709,
26.3846,
-1.00297,
0.386972,
14.5832,
0.959944,
4.19218,
-1.11732,
375.42,
-0.208757,
62.8119,
-0.0206118,
64.9975,
27.5407,
26.2611,
25.9824,
20.8368,
-0.00491245,
165.375,
2.01833,
-0.000617167,
0.995272,
19.8265,
0.818441,
-0.838404,
-0.00547943,
10.3486,
6.2176,
0.175041,
2.31423,
9.73503,
8.21324,
0.91821,
0.875173,
0.395272,
4.80095,
-0.0748278,
0.345508,
-1.75286,
3.20375,
2.36332,
-0.442572,
25.58,
8.9662,
-1.04435,
5.48636,
1.47869,
-0.3168,
51.1544,
-0.158758,
32.1018,
0.927928,
0.193827,
164.378,
6.16507,
502.742,
1.83598,
1.14988,
3.82933,
2.75831,
-0.01177,
1.43685,
1.41541,
4.88785,
42.5919,
0.754717,
-0.201418,
-0.0110506,
0.958337,
46.7901,
-2.57145,
0.983903,
56.2949,
45.1089,
69.2139,
0.574297,
0.254437,
-0.0666598,
-2.6981,
2.35946,
4.88472,
2.39191,
2.28165,
0.360403,
4.93517,
0.280076,
1.98265,
0.236999,
-0.00506759,
-0.0104551,
-0.0514139,
0.40153,
-2.23343,
-0.439405,
0.184784,
-0.0349125,
34.8485,
402.687,
1.49644,
1.42911,
29.775,
8.01687,
12.4292,
-1.04737,
-0.109472,
2.37059,
6.38208,
4.91841,
130.955,
0.564332,
3.01883,
9.17585,
0.972825,
2.38818,
6.13999,
36.2119,
2.11053,
16.7693,
20.3615,
36.6785,
0.6492,
13.7863,
1.86758,
42.249,
-0.19924,
4.5633,
108.658,
-0.018934,
0.49521,
1.84039,
0.996296,
13.8824,
8.00617,
-0.0281733,
81.8953,
0.170733,
10.1212,
4.64935,
1.10686,
19.2984,
1.86085,
-0.0379535,
2.5583,
0.437963,
-0.215336,
3.99339,
0.179038,
8.609,
76.6463,
432.954,
2.28031,
3.95074,
2.23688,
-0.117112,
2.25466,
-0.117002,
-1.02297,
1.54588,
2597.31,
115.063,
-0.119001,
-0.0616727,
-0.139015,
21.5809,
4.41361,
-0.283613,
0.966485,
5.03607,
-0.276826,
0.989226,
-0.514055,
-1.00626,
0.958714,
4.92623,
-0.54412,
48.6266,
65.8342,
0.176031,
-1.05,
2.20009,
15.4676,
4.32669,
1.79053,
-0.0198517,
2.26264,
-0.631209,
0.410925,
16.6344,
42.8274,
143.141,
-0.00524825,
7.70111,
5.37879,
0.406338,
9.51635,
9.73833,
195.274,
92.6942,
22.4842,
206.448,
0.728563,
2.31272,
-1.01538,
135.225,
-0.216666,
4.9501,
40.2202,
22.3603,
-0.217,
4.5703,
8.90085,
3.91821,
-2.12498,
32.4487,
1.81315,
83.1987,
3.08253,
2.40093,
0.965555,
8.51,
-0.592558,
28.0034,
0.948427,
-1.0876,
12.9759,
72.751,
69.6833,
1.45067,
-7.50194,
3.1114,
2.25855,
2.26908,
0.389348,
51.2324,
1.8396,
29.4178,
1.42158,
49.3599,
9.08133,
15.271,
-0.00719229,
64.4349,
0.811779,
4.61012,
0.9723,
221.495,
3.31763,
63.2172,
2.34233,
9.38022,
15.839,
15.7842,
1.65896,
-1.5522,
-0.0573869,
-0.20967,
2.30467,
0.572398,
2.41135,
2.11999,
211.607,
0.983857,
3.30278,
18.0325,
54.3909,
4.54743,
32.2207,
-0.561354,
-0.020917,
-0.0635357,
4.55506,
0.090454,
22.0699,
0.523239,
-0.0169151,
13.5797,
2.20653,
0.962795,
-0.471833,
0.649208,
18.3969,
16.7379,
-0.0579788,
-0.0303917,
-0.0208067,
-0.00795566,
-0.0140148,
0.653702,
9.03746,
2.28897,
0.94242,
8.23096,
87.673,
-0.166277,
0.176439,
-0.0756255,
4.95478,
0.6655,
0.342219,
11.091,
35.3844,
-0.693389,
0.601438,
0.34641,
11.7693,
4.66366,
3.0766,
0.808901,
2.40763,
0.869517,
24.7655,
3.69849,
0.325914,
0.997341,
7.54064,
2.37631,
4.90115,
3.33512,
23.952,
8.7436,
16.6184,
3.50864,
-0.440662,
-0.435828,
16.3619,
2.27282,
9.65084,
-0.346425,
-0.266695,
1.48828,
0.52834,
2.09044,
99.7609,
-1.6651,
8.40104,
0.271047,
0.39789,
94.7112,
-0.118147,
19.7919,
0.907416,
20.1341,
23.9542,
-0.215846,
47.6289,
2.27194,
1.32978,
0.95869,
0.799023,
-0.121453,
214.611,
10.2233,
-0.889829,
2.4101,
205.615,
-0.0207393,
2.06102,
-6.82497,
49.3876,
8.5937,
0.343519,
1.34987,
0.300007,
87.2143,
56.3276,
1.26318,
0.596188,
1.37025,
4.50893,
14.4098,
1.33006,
0.790558,
4.38865,
8.79451,
-0.119699,
1.85484,
0.970614,
3.76991,
4.52801,
38.5132,
0.6279,
24.1964,
-0.0614641,
-8.0046,
4.93343,
0.913079,
0.748323,
3882.22,
14.1333,
0.954396,
0.991699,
-0.044412,
0.977074,
5.56671,
2.26315,
59.5811,
9.48097,
0.667889,
4.52748,
0.401052,
13.2265,
-2.56273,
9.8018,
51.2769,
50.151,
10.8858,
-0.019454,
-1.25703,
0.911012,
0.406141,
3.31165,
2.26619,
-0.121839,
-0.69165,
-1.18143,
9.3269,
7.623,
10.1454,
1.17151,
1.30268,
-1.11907,
69.211,
31.7501,
-0.0614094,
0.168936,
4.38359,
53.2349,
84.3147,
2.27738,
4.73268,
4.55493,
-0.00964098,
-0.41968,
-1.54664,
-0.00257724,
0.587809,
42.0405,
-0.556439,
-0.00437155,
0.665239,
-2.46368,
0.949412,
3773.35,
5.59115,
9.8793,
2.38646,
2.37527,
2.08581,
-1.26466,
-0.0154711,
9.99476,
0.816525,
1.68015,
-1.08729,
-0.213655,
59.1801,
0.969709,
1.45875,
58.5446,
2.24119,
25.2813,
5.60085,
98.8287,
0.360026,
17.3499,
-0.185502,
-0.478107,
10.2145,
-1.10612,
0.808447,
2.33852,
0.814123,
4.78221,
0.138279,
1.84264,
3.84234,
0.801118,
0.954027,
4.1607,
1.80201,
-0.453184,
0.655146,
2.34298,
0.397437,
-1.69272,
0.604804,
0.998075,
59.9774,
-0.124459,
4.03803,
2.34403,
0.63759,
49.495,
-0.00752554,
0.285429,
0.176738,
2.32744,
14.8781,
10.8304,
81.0665,
-0.0314507,
0.798293,
0.50924,
11.9122,
25.2553,
-0.00657517,
-0.109668,
198.681,
0.999096,
2.71497,
0.92644,
4.56275,
0.967107,
81.4823,
327.658,
3.74973,
-0.161843,
24.8908,
8.54394,
-0.00305283,
0.407454,
16.186,
1.15951,
11.5768,
-11.3578,
-0.671703,
49.2965,
0.636502,
-0.245045,
3.16741,
-0.213189,
4.71839,
0.963572,
129.241,
1.37736,
4.4393,
28.6463,
86.8982,
10.8541,
19.6118,
1.59526,
-0.216671,
6.17143,
-0.00368896,
0.653459,
39.0291,
0.986135,
2.00955,
230.824,
0.653464,
9.06842,
0.930951,
-0.566148,
1.481,
2.35676,
8.34189,
-0.603584,
4.75899,
9.80298,
0.97117,
0.81175,
17.2854,
-0.342709,
16.4308,
10.5801,
-1.12997,
0.938347,
5.58764,
0.629655,
-0.201319,
-0.0944672,
100.3,
0.959895,
0.927009,
23.0959,
0.913125,
-0.0130942,
4.46349,
21.0955,
2.41176,
27.5241,
-1.27398,
-0.0996588,
0.780267,
8.45211,
-0.427851,
0.393845,
10.7853,
-0.100064,
9.23048,
101.884,
0.577006,
0.198096,
66.2866,
4266.04,
23.1854,
47.2822,
-0.116992,
0.917643,
-0.0236476,
-0.117591,
125.431,
-0.0666556,
54.8278,
0.979879,
88.0471,
1.44428,
27.7214,
0.862831,
4.0491,
0.980507,
1.99014,
20.9727,
-0.280082,
8.1955,
-0.00541636,
4.6463,
9.03439,
4.83287,
-0.0789363,
15.5519,
6.49929,
-0.00899109,
2.03659,
9.70013,
4.75144,
-1.04143,
19.8405,
-0.0377189,
1.65102,
-0.0167105,
-1.19832,
3.20128,
-0.143387,
1.44367,
-0.690919,
-0.273502,
-0.273748,
0.328799,
6.08063,
-0.171084,
177.61,
0.507443,
0.182288,
4.8368,
8.32218,
-1.9832,
4.25083,
8.78903,
1.77774,
-0.0197592,
0.977237,
7.42161,
0.136608,
6.86635,
0.629865,
2.71952,
0.971244,
2.2005,
2.27498,
-0.053197,
0.966083,
3.11851,
-1.02806,
19.3921,
0.959002,
46.1511,
-0.571383,
2.40584,
0.482214,
99.6218,
27.6391,
-1.91818,
0.958735,
-5.33724,
3.85802,
-1.40154,
0.911799,
211.09,
2.3833,
3.9531,
106.608,
2.33616,
2.30214,
0.413565,
0.930356,
-0.281154,
-1.15544,
13.9524,
4.21984,
15.2724,
58.1756,
-0.207331,
250.225,
0.345705,
6.47611,
0.759695,
0.998887,
4.83073,
-0.736319,
30.3288,
25.5579,
-0.272546,
1.73436,
3.27938,
3.54957,
5.80263,
2.15238,
0.295773,
1.61988,
2.34751,
2.39613,
47.9784,
-1.08701,
15.1068,
-0.0244414,
0.614216,
0.997807,
-1.32437,
8.98195,
0.645094,
-1.23907,
0.973849,
-0.489737,
-1.02481,
2.03498,
1.48595,
-0.0190904,
14.1288,
2.40784,
6.72239,
7.8543,
286.764,
-0.359478,
144.135,
16.7828,
9.34345,
0.331293,
-0.321477,
62.6951,
4.69887,
-0.073483,
2.33545,
6.60928,
5.01513,
1.49161,
3.70013,
28.811,
42.2172,
2.2215,
10.1487,
-0.0183286,
10.6219,
21.6916,
1.77317,
76.9972,
1.16005,
-1.24771,
-1.03239,
7.21291,
-0.307436,
-0.468307,
26.3834,
8.75622,
2.01764,
4.72588,
3.47516,
1.37044,
8.14016,
1.44996,
0.810571,
-0.0408363,
-0.00500645,
-0.00906275,
3.83564,
4.81876,
5.01828,
4.19032,
3.36296,
0.961474,
1908.93,
70.3804,
2.11124,
-0.121849,
42.8654,
56.0294,
-1.22993,
9.78116,
-0.473708,
3.77231,
-0.761623,
-0.202234,
-0.422447,
0.503499,
-2.45516,
2.30616,
4.73101,
10.005,
9.12982,
3.08606,
-1.57742,
3.88974,
0.667189,
0.978992,
6.26308,
86.6803,
8.51754,
-0.0227777,
0.347587,
-1.11415,
-0.0637222,
-1.38865,
-2.0547,
0.348645,
4.9512,
0.974755,
0.815406,
3.30483,
4.83803,
1.82237,
-0.213078,
-0.502637,
21.9662,
68.7804,
0.988239,
134.23,
7.21592,
3.10054,
0.9559,
-0.456933,
7.20257,
0.368974,
3155.1,
-0.143264,
0.39617,
1.81639,
-0.0994766,
9.09871,
-0.213934,
0.281524,
6.14796,
193.729,
-0.69014,
2.1464,
-0.0233943,
0.986273,
0.726445,
4.80648,
91.7116,
4.21197,
58.6012,
9.4581,
1.17256,
0.395545,
-0.137297,
-0.421775,
0.660058,
1.11014,
76.5455,
82.0089,
-0.0112919,
-1.90958,
2.11905,
2.54001,
-1.10166,
4.20084,
-2.6281,
-1.1505,
0.78976,
-1.13623,
22.1641,
-0.0560899,
25.1197,
0.651611,
0.655526,
1.79839,
0.461057,
-0.0768477,
0.903694,
4.58079,
0.574785,
3.235,
8.29002,
-5.54602,
101.311,
3.25173,
4.66873,
-0.0274219,
18.0309,
-0.0135026,
8.72022,
28.7736,
346.505,
-0.113201,
14.3134,
0.893505,
1.84177,
1.89287,
75.9651,
15.2205,
0.281932,
2.40957,
91.3419,
4.14802,
0.897195,
130.795,
33.509,
2.24788,
23.9288,
0.872537,
-0.669255,
80.6213,
-1.01305,
11.6394,
0.352817,
11.4179,
2.22944,
0.754178,
17.3329,
1.99121,
1.42387,
1.43128,
-0.429406,
0.389853,
0.998398,
3.01073,
0.0344865,
9.87111,
17.5648,
-1.16738,
0.640923,
0.403649,
3.7423,
-0.0413542,
20.3418,
0.983602,
0.654082,
2.38959,
2.10226,
23.836,
0.634605,
0.298782,
1.45525,
55.1164,
-0.629551,
21.9509,
4.55255,
0.504436,
495.494,
-0.491885,
-1.28912,
0.445037,
43.9058,
1.43319,
7.94218,
4.84583,
-0.538626,
-2.50798,
0.791034,
0.5178,
2.37099,
0.640931,
-0.230928,
0.666733,
4.52603,
4.51721,
59.8229,
-0.000348496,
-1.23645,
1.97847,
0.983581,
7.78526,
8.65154,
4.81196,
-0.152807,
4.58162,
276.199,
4.67579,
8.27473,
1.42582,
-1.00965,
1.03906,
-0.0688,
1.10151,
9.77132,
1.78693,
-2.46117,
0.865511,
17.49,
-0.114118,
-2.78953,
15.1355,
-0.0441337,
-0.490077,
4.24575,
1.80504,
43.1008,
1.30058,
75.451,
2.20329,
1.85206,
16.1459,
2.29965,
5.7632,
-0.431945,
1.6915,
-1.20242,
67.3442,
-0.67775,
-1.18471,
-0.218514,
-1.08952,
21.4884,
1.4924,
3.43455,
0.509515,
589.526,
-1.35407,
-0.211092,
90.4735,
0.791889,
124.494,
52.326,
-0.616354,
194.87,
14.7979,
17.7417,
2.02438,
0.958877,
2.62604,
-1.23951,
0.368422,
0.979066,
1.1993,
10.0122,
3.82155,
1.68324,
28.8487,
4.1409,
0.981848,
48.0195,
4.50251,
-0.245127,
16.5012,
-0.0303599,
61.2305,
152.431,
2.01665,
-0.0669788,
-0.119518,
9.52164,
-0.00324339,
2.23046,
64.8035,
4.60614,
-3.79119,
5.96332,
-0.00582434,
4.54912,
2.09854,
76.5598,
3.19836,
45.6327,
0.635599,
-0.0128641,
688.385,
-0.493822,
-0.00347656,
1.81682,
16.2041,
-0.203313,
0.949126,
-0.320626,
-0.460421,
-0.131222,
3.5716,
64.6225,
-0.0415318,
22.1581,
5.37151,
0.135393,
6.50517,
227.898,
-1.5429,
2.3395,
9.78643,
7.50249,
0.921052,
6.06625,
38.342,
3.07395,
2.38156,
-1.96503,
16.6061,
0.717108,
1.22567,
1.81514,
0.99177,
0.991121,
0.670109,
-0.438585,
1.99701,
-0.020623,
5.00512,
0.414002,
-1.5546,
10.3746,
8.28755,
3.23335,
0.97074,
9.29682,
-1.03813,
4.58412,
2.36429,
67.9433,
0.995294,
0.957881,
-0.117804,
0.958285,
0.960922,
31.3018,
667.532,
1.44069,
4.22644,
5.96216,
-0.551592,
-0.0244517,
-0.58543,
-0.0319669,
17.0478,
4.97805,
-0.0160394,
0.968844,
-1.01679,
61.7084,
13.5961,
10.0567,
24.7563,
1.95198,
1.80869,
-0.13561,
-1.5488,
13.8571,
131.034,
4.65333,
22.3612,
377.312,
4.33955,
4.74739,
-1.30915,
1.16395,
8.56693,
14.0737,
3.54005,
8.94177,
0.294331,
-0.107939,
0.338343,
0.874796,
304.967,
0.762242,
0.867779,
13.8061,
8.56997,
22.0262,
-0.029125,
228.096,
6.71596,
30.7951,
0.952632,
0.293716,
-0.199877,
11.354,
174.935,
0.187103,
24.9229,
27.4944,
1.48128,
2.08755,
-0.0137139,
3.1289,
2.63614,
0.636155,
-2.41882,
0.969634,
2.0575,
11.9525,
3.07973,
2.14822,
-1.00027,
-0.0169366,
0.997093,
56.8738,
0.895425,
-1.0416,
0.704325,
0.472216,
4.99656,
72.055,
30.6373,
8.29506,
70.7699,
17.7736,
54.4341,
0.502759,
-1.00133,
0.981376,
114.569,
8.11143,
3.28763,
1.21049,
0.271257,
0.96754,
2.32406,
-1.04448,
5.47101,
-0.0656233,
0.648646,
-0.0090331,
-1.57472,
4.85557,
1.45076,
2.32629,
8.3574,
1.85447,
0.403814,
-0.20564,
0.871215,
-0.0213291,
18.9447,
0.56711,
25.6016,
426.61,
1.45078,
0.541432,
-0.0714957,
-0.0731568,
2.37767,
0.924515,
241.347,
4.49342,
-0.00657299,
0.867492,
-0.231158,
2.39267,
4.92932,
4.56447,
-0.0477512,
4.70253,
0.781368,
4.69825,
1.64168,
0.825333,
82.5566,
0.113617,
1.77851,
0.604187,
9.44791,
1.9722,
1.66178,
42.7893,
-0.215717,
8.30867,
34.0843,
277.983,
39.5681,
-0.0658065,
2.07404,
0.920294,
-0.749004,
-1.09859,
-0.201846,
0.650235,
18.3138,
2.34383,
3.63408,
-0.22307,
0.977005,
-6.98957,
-0.0181053,
3.44811,
64.9207,
2.27893,
9.36287,
3.14046,
0.407263,
-0.0622733,
6.6478,
0.412308,
289.097,
-0.428414,
23.2823,
22636.1,
4.70777,
0.382195,
0.268135,
2.19515,
69.428,
-1.07452,
-0.0204339,
0.817665,
4.45948,
581.229,
-0.0321156,
-0.0722066,
0.883734,
1.00213,
14.6267,
-0.00169805,
-0.0590951,
-3.35722,
-0.482307,
14.6522,
-0.570798,
0.969257,
-1.07787,
1.77296,
2.38824,
25.4853,
10.1142,
0.638188,
-1.08774,
127.155,
1.80483,
4.86768,
1.47295,
4.54012,
5.00352,
0.952767,
1.28572,
4.75534,
4.81337,
9.93246,
0.414128,
-3.29205,
66.3392,
0.307331,
0.361454,
-0.0054274,
-0.396174,
400.774,
4.50291,
0.967682,
14.6113,
8.53091,
-0.316162,
4.54764,
0.711676,
-0.703294,
0.293097,
-0.842292,
2.28788,
45.7607,
4.54021,
-1.00805,
1.67223,
2.38774,
0.396834,
-0.211983,
23.6784,
-2.57023,
9.49217,
1.49376,
-2.542,
-1.0543,
1.59915,
-0.115163,
0.772928,
0.991128,
-0.374111,
10.8413,
328.821,
3.7422,
0.926614,
0.400706,
-1.26783,
1.75264,
1.42698,
-0.0233399,
3.35877,
18.3791,
4.58955,
-0.440048,
17.0921,
435.752,
-0.0136352,
0.916194,
-1.21998,
3.78622,
0.95397,
4.50032,
7.69117,
47.6025,
3.36425,
0.938002,
0.671878,
41.0986,
2.09533,
99.6473,
0.284712,
15.8643,
0.602641,
22.4888,
0.185014,
-4.34444,
2.20387,
59.0912,
68.6124,
0.772128,
13.9864,
45.5612,
52.4501,
-0.321912,
-1.55181,
1.7947,
0.831462,
3.16573,
138.978,
-0.567557,
-2.14668,
351.397,
7.37523,
197.402,
0.926109,
-0.000370867,
-0.00181733,
1.8289,
0.970134,
0.812958,
-0.419254,
1419.62,
0.629751,
-0.0226862,
5.96603,
15.3995,
176.918,
11.7092,
-1.03237,
-0.00706708,
-0.414649,
46.6853,
82.97,
0.909909,
0.524358,
0.976314,
17.8305,
0.975711,
-1.52109,
6.16366,
0.954247,
3.88681,
53.3651,
0.961398,
3714.02,
0.70818,
16.2526,
0.357609,
4.81303,
20.314,
0.399035,
71.6696,
1.62374,
2.00465,
-0.424257,
0.994148,
4.85491,
289.055,
4.40963,
92.7478,
87.4097,
-0.556305,
80.4244,
0.805817,
0.141499,
8.69126,
4.25432,
-0.549772,
1.45886,
2.30532,
9.50511,
0.913254,
-0.00188293,
2.01754,
0.875286,
1.20203,
4.88707,
2.36998,
9.24438,
0.792489,
0.654532,
1.83689,
373.201,
-0.255802,
-1.70752,
1.46687,
0.866872,
729.368,
-0.322603,
-1.12978,
19.4874,
17.8891,
2.38246,
1.66879,
52.4038,
-0.0245152,
14.9973,
0.954522,
-0.012236,
0.956869,
2.41237,
3.22362,
4.28714,
8.76624,
-0.00233414,
4.44377