2.01841,
3.3154,
1.99018,
5.55937,
3.68651,
0.568446,
4.89292,
1.26727,
3.42448,
2.79137,
0.685731,
0.689186,
1.38074,
0.0815842,
3.91772,
3.85827,
0.459536,
0.195404,
0.366333,
3.25477,
3.9669,
5.263,
5.05191,
5.46499,
1.93594,
0.82863,
0.365128,
2.5734,
3.00273,
1.36967,
0.571024,
4.08136,
4.51189,
0.515485,
0.453758,
4.45144,
2.72834,
4.13059,
0.675637,
0.460294,
0.654839,
2.70364,
4.90768,
1.38071,
5.81951,
1.8375,
3.28058,
1.65235,
1.26028,
0.976569,
1.14846,
1.37966,
2.2782,
2.06173,
0.434425,
1.91374,
1.31531,
1.34927,
2.2572,
0.674796,
2.0777,
1.44192,
3.31304,
0.165345,
0.189663,
0.261231,
0.206596,
5.23495,
1.23745,
6.66959,
5.89067,
0.940694,
0.66114,
4.44852,
4.85784,
3.29074,
1.66712,
0.655379,
8.75298,
1.36332,
1.51492,
2.74177,
1.35961,
0.677749,
0.583132,
0.232413,
2.44819,
0.548508,
0.193825,
1.60337,
2.23974,
0.353839,
2.04894,
1.30438,
5.3428,
4.36522,
5.12818,
4.00938,
2.04972,
0.658771,
1.10758,
0.572361,
4.0412,
2.83237,
2.12404,
2.65491,
3.2754,
0.807081,
1.36002,
1.13886,
9.22798,
1.92499,
5.85468,
0.652577,
2.95273,
1.29696,
0.565178,
0.657898,
4.58147,
3.36125,
3.45861,
0.280342,
3.33595,
0.932838,
1.14789,
2.02587,
1.28327,
2.70154,
2.52319,
0.897924,
4.40951,
0.229768,
3.51278,
1.15266,
1.66372,
1.19792,
0.682687,
2.7069,
4.07063,
2.0038,
1.8217,
0.97659,
3.15065,
1.37542,
2.73744,
2.07467,
2.73453,
4.30723,
0.279461,
2.73298,
5.13297,
6.34887,
6.09803,
0.455431,
3.94562,
0.566029,
1.30333,
0.371215,
0.226822,
3.45293,
1.03174,
2.02373,
0.682173,
2.50149,
5.90873,
2.04986,
0.680812,
6.29329,
1.16089,
1.31438,
0.283253,
5.03696,
1.43099,
0.96554,
0.653448,
2.72192,
0.667515,
2.34355,
1.29915,
5.26393,
0.683661,
3.86652,
2.02901,
2.53177,
0.223152,
1.37368,
3.28441,
1.3192,
2.56337,
4.41203,
2.45759,
0.673089,
0.920915,
0.978997,
1.36607,
2.05983,
1.93538,
1.13305,
3.80116,
0.260342,
5.14603,
0.269311,
0.923272,
1.64884,
2.70308,
0.755619,
0.286296,
2.02978,
2.47308,
4.43304,
1.37863,
0.692199,
8.42982,
0.854652,
5.46619,
2.74553,
1.79381,
3.46056,
3.30776,
0.949605,
2.67253,
1.7995,
3.45408,
0.243118,
4.90846,
0.670034,
4.26826,
0.163087,
3.97238,
4.21261,
1.2415,
0.558503,
0.882249,
2.77116,
4.52782,
3.42471,
0.941932,
5.07145,
1.60144,
1.36001,
4.94658,
4.99932,
0.631388,
1.37084,
1.57157,
0.644326,
1.30131,
1.00114,
3.78569,
4.93084,
0.560737,
5.21418,
0.433746,
1.38807,
1.1295,
2.04489,
0.664704,
0.967765,
2.31049,
0.442768,
2.67235,
2.8095,
0.467247,
1.29905,
1.38405,
1.85495,
3.19791,
1.15201,
0.565426,
2.03884,
0.967439,
0.688785,
3.81838,
0.0611496,
1.37956,
2.66076,
2.92768,
1.32651,
5.44292,
0.44033,
7.59864,
2.36682,
0.688584,
1.95207,
0.46876,
2.05648,
0.603575,
2.93713,
1.37833,
0.458936,
0.187631,
1.2908,
3.3409,
1.13999,
3.16557,
1.85089,
1.33148,
3.58699,
4.69975,
2.04998,
0.678576,
2.03793,
2.75906,
3.34321,
1.29908,
3.29731,
3.5458,
0.56384,
1.90292,
2.04745,
0.683884,
2.19521,
1.55658,
0.52243,
2.88148,
5.38863,
3.60154,
2.76838,
6.4259,
1.82906,
0.648476,
0.602211,
2.75199,
5.25851,
0.460171,
0.305183,
0.630331,
0.679988,
4.97541,
4.89942,
1.38415,
2.33603,
0.368946,
2.76663,
1.27808,
4.32076,
2.02785,
2.75928,
4.87779,
2.53069,
1.2623,
3.98298,
1.30646,
1.34504,
0.858933,
0.979267,
2.85209,
5.2963,
3.29646,
2.71767,
0.247907,
2.02129,
1.37011,
5.37867,
1.85177,
6.27452,
4.80087,
0.670896,
0.468262,
0.462277,
2.76267,
0.683525,
6.26094,
3.29392,
3.28399,
1.34911,
0.593532,
0.572585,
1.30728,
2.48003,
1.22275,
5.07595,
0.522108,
0.555587,
1.65324,
4.39104,
5.2731,
1.36179,
5.30006,
0.469497,
2.7035,
0.613421,
0.679489,
4.60055,
1.36201,
2.01162,
0.68822,
2.64782,
0.690151,
3.3021,
0.606948,
1.35691,
2.54626,
3.24074,
5.63208,
1.33312,
0.878998,
0.26602,
0.121794,
0.689602,
0.68982,
0.798987,
0.961372,
3.89253,
1.35191,
0.966389,
0.641423,
0.741701,
2.04086,
2.98313,
1.13831,
1.38298,
0.97314,
5.61175,
3.24966,
2.76549,
0.20349,
5.26873,
2.34553,
5.40032,
0.63722,
1.37454,
3.80615,
5.46437,
0.512286,
0.274519,
2.36009,
2.68919,
1.36071,
1.61392,
5.22117,
2.04242,
0.436896,
1.76019,
1.32056,
3.92476,
5.43768,
2.46836,
4.1505,
4.66102,
3.28841,
1.30187,
10.6574,
3.04398,
1.99051,
1.19379,
0.684958,
0.972681,
3.31303,
0.413318,
0.278662,
0.0938878,
2.73449,
2.36344,
1.99563,
4.05629,
1.99245,
4.33084,
2.53651,
1.59525,
0.686441,
3.3793,
3.65628,
0.404573,
1.95999,
2.03399,
4.2871,
2.77024,
3.03173,
0.0913679,
1.1539,
0.678171,
5.65493,
2.14631,
0.69231,
0.690247,
1.3659,
1.98004,
0.468341,
0.68761,
1.26964,
2.35718,
0.677466,
1.30427,
6.18143,
0.623095,
5.57918,
0.884639,
3.28821,
0.459688,
0.148437,
3.7544,
1.37713,
0.689257,
4.12332,
0.466992,
0.229115,
1.18961,
5.78845,
1.45117,
3.37328,
0.84807,
3.55638,
0.688632,
0.527056,
5.08143,
0.678352,
1.57435,
3.29275,
1.3675,
3.40651,
2.00005,
0.673728,
4.88582,
0.970257,
8.81562,
0.894229,
2.0156,
6.78083,
1.37312,
5.23863,
6.40978,
6.26961,
3.20266,
0.277983,
3.29352,
1.91892,
0.271633,
2.76449,
2.01847,
2.30945,
1.95578,
0.0594268,
1.67137,
0.0595687,
2.60406,
0.367292,
0.692412,
4.69257,
1.08246,
3.2572,
1.6581,
1.33916,
3.25416,
3.79297,
0.663994,
1.64362,
1.99534,
7.11473,
1.36013,
1.80561,
1.92426,
2.50295,
3.90883,
3.26588,
1.95214,
4.48244,
0.683348,
2.33171,
1.84577,
0.445499,
4.11211,
4.70799,
3.86244,
4.82377,
1.33091,
3.8312,
5.14354,
1.94611,
4.31199,
0.914582,
0.28629,
1.11037,
5.13704,
0.659844,
4.96947,
1.25942,
6.27745,
5.16745,
0.881649,
2.50662,
5.50233,
1.82617,
4.36769,
1.59261,
6.4629,
5.52889,
3.43854,
3.36251,
0.276519,
0.566026,
3.31814,
2.70676,
3.01666,
3.11566,
1.84325,
1.63096,
0.682279,
1.60848,
2.71747,
1.1453,
1.65179,
4.84096,
4.56178,
5.31756,
6.11077,
1.31614,
0.549927,
1.37897,
1.27076,
0.458043,
2.02791,
5.0988,
3.95095,
3.62042,
1.31818,
1.01701,
2.49308,
3.91655,
0.679036,
0.620557,
2.05688,
1.84495,
4.59855,
0.458109,
1.05168,
1.81818,
2.28919,
5.22886,
2.48818,
0.684282,
0.279625,
2.04064,
3.26096,
2.01894,
7.72657,
1.65703,
0.692113,
3.99715,
0.242185,
1.37498,
6.28494,
2.50854,
1.93163,
1.32256,
3.26366,
4.59987,
5.35431,
0.684329,
5.41521,
0.785233,
2.02917,
0.686762,
2.05576,
2.93448,
2.07524,
0.0557626,
3.83527,
5.35139,
4.01924,
2.00947,
2.29345,
7.91972,
0.600832,
4.26278,
4.5162,
1.32696,
6.12216,
1.78837,
1.25634,
0.977877,
0.581017,
5.59063,
1.93568,
0.661319,
1.37616,
1.25868,
1.20274,
2.04336,
0.925501,
2.06446,
3.41436,
0.593086,
2.05367,
0.609828,
5.04727,
4.43019,
2.28619,
1.49544,
0.238802,
5.21754,
0.628651,
4.04029,
0.951807,
0.969388,
0.281146,
2.68484,
1.96168,
2.48368,
5.89153,
4.33291,
4.88757,
1.12753,
0.268686,
0.611505,
0.12473,
1.90541,
5.05358,
3.30305,
3.44261,
2.67654,
0.13002,
1.24819,
4.11001,
4.40556,
1.19359,
3.83524,
2.63556,
0.662082,
2.55265,
5.82464,
0.667209,
2.0288,
0.444391,
0.571292,
3.44353,
1.99124,
3.83061,
1.05349,
2.50563,
4.21261,
2.06922,
2.19472,
3.46988,
7.63343,
6.77871,
1.33312,
2.73776,
3.82246,
0.552851,
0.677693,
1.3705,
2.06447,
4.19907,
3.84317,
3.72936,
0.264063,
2.63597,
0.977646,
0.935557,
3.56043,
6.44321,
2.70845,
2.15444,
0.538079,
1.37845,
3.08672,
1.15971,
0.960679,
1.90789,
5.14043,
4.01466,
0.978889,
4.63805,
1.38226,
0.127085,
1.91931,
1.94613,
1.20083,
5.30246,
2.68826,
3.33667,
1.83048,
1.09224,
4.10739,
0.789213,
1.31759,
5.10662,
5.66751,
4.39289,
0.500621,
0.670611,
0.619025,
2.45904,
2.48229,
2.34046,
0.677897,
0.459839,
2.00315,
4.35693,
5.33249,
0.168023,
4.01718,
2.77054,
1.03277,
3.61119,
2.65764,
6.63857,
3.19751,
3.29636,
0.644664,
0.927793,
2.61947,
5.49603,
2.066,
4.04165,
0.457839,
2.00491,
0.656095,
0.366043,
0.568563,
2.69872,
0.883118,
0.630566,
1.91995,
2.1139,
2.32741,
2.03857,
4.89632,
1.36921,
0.464215,
0.933225,
0.550942,
1.90856,
1.64595,
4.70667,
0.681849,
0.571309,
3.28915,
1.11941,
3.59786,
3.3251,
2.35236,
1.26046,
5.01908,
0.207006,
5.10429,
4.26933,
0.19926,
0.314681,
2.70409,
0.555375,
3.75644,
0.203984,
1.83318,
0.174767,
5.34619,
5.27892,
0.547892,
4.3448,
4.04345,
1.37026,
0.46564,
0.092688,
3.85396,
2.71536,
2.56731,
1.37446,
1.14294,
0.67878,
0.682684,
1.9807,
0.662812,
0.664785,
1.85154,
0.59105,
0.562851,
0.65566,
1.56895,
4.44412,
5.56505,
6.72109,
4.96739,
2.33876,
6.39692,
2.00169,
2.83411,
2.02451,
6.18694,
1.91309,
1.37992,
1.3254,
0.689493,
4.12349,
0.657758,
0.682004,
1.19602,
2.67718,
2.7321,
0.742416,
5.31157,
2.35702,
0.111822,
3.48091,
2.07474,
4.63893,
0.619815,
0.691314,
3.40898,
0.454424,
2.74982,
1.77643,
3.36767,
0.264092,
6.21696,
4.21987,
1.20154,
5.19165,
0.647493,
0.963687,
0.966759,
4.12804,
0.101601,
1.80931,
0.206529,
3.16822,
0.190152,
2.0532,
2.44184,
3.99459,
2.99675,
1.62636,
0.604344,
0.9388,
3.43465,
1.85892,
1.30862,
1.15528,
3.39337,
0.649656,
1.15311,
0.956341,
0.45897,
3.95782,
2.3158,
0.448084,
0.239426,
1.30575,
1.43191,
5.74716,
3.36348,
1.05015,
3.81205,
7.92213,
2.63889,
1.61017,
0.205701,
6.36808,
5.1916,
5.43423,
0.68968,
0.980122,
1.12029,
0.466308,
1.37529,
3.24115,
1.30605,
2.02159,
1.36368,
1.29808,
1.48946,
0.272316,
1.11974,
0.57042,
0.266055,
0.106497,
3.34097,
4.90167,
0.438423,
0.283329,
1.78806,
0.962887,
4.33459,
1.73717,
0.921603,
1.32529,
0.692433,
1.32451,
5.83954,
1.97252,
1.81052,
1.3275,
5.76519,
0.682916,
0.565408,
2.06985,
1.94176,
2.66094,
0.962334,
5.44882,
4.70635,
1.12722,
3.0273,
2.77003,
2.35348,
0.656013,
0.426008,
2.92748,
1.32187,
3.93008,
10.8433,
0.671063,
3.68753,
2.05683,
0.676945,
0.743444,
2.0753,
3.4627,
1.33353,
3.1462,
0.528809,
1.36165,
2.67182,
3.97055,
3.0507,
1.32967,
2.08296,
2.72286,
0.66274,
5.64044,
1.06537,
3.08849,
0.414809,
4.32907,
3.20625,
0.562608,
0.960826,
1.9096,
0.290131,
2.5228,
2.76579,
1.49269,
0.650999,
4.0101,
1.09905,
1.37516,
3.42935,
0.277424,
2.91047,
0.536518,
0.628066,
1.9893,
3.44576,
2.14437,
0.570192,
1.66702,
3.63944,
5.42218,
1.84363,
1.14615,
8.32397,
2.44372,
1.25347,
2.55292,
2.27804,
3.5554,
2.07661,
0.846049,
1.37905,
7.18943,
0.678618,
1.24637,
0.260305,
5.15744,
0.686633,
3.28389,
1.94464,
0.326903,
2.06828,
1.54686,
2.55231,
2.04001,
1.60684,
2.48516,
4.1357,
0.811316,
0.900314,
4.42009,
2.6642,
1.36473,
2.49122,
0.543066,
2.45989,
1.23697,
0.67772,
0.569045,
4.10981,
0.588534,
2.77904,
1.36635,
2.72014,
0.978888,
3.7352,
0.458206,
6.93451,
1.31014,
1.38234,
1.35771,
4.39985,
1.37138,
1.4951,
0.823523,
2.54358,
1.55934,
3.3051,
0.929627,
1.33684,
1.36408,
1.33308,
3.82487,
6.37424,
1.14858,
3.60525,
2.07269,
3.20242,
1.37184,
4.32049,
3.00261,
4.15898,
2.31427,
1.37613,
2.89503,
2.12224,
3.79062,
4.95522,
2.44114,
1.95106,
1.82187,
1.15938,
0.596808,
0.436713,
0.282409,
3.4716,
0.649529,
0.469291,
7.11211,
2.05373,
2.01,
1.91228,
1.37905,
4.37811,
3.9588,
2.14917,
0.751786,
1.9292,
0.953424,
1.78362,
0.464427,
3.42503,
0.202499,
2.518,
2.07371,
2.74489,
1.60092,
1.38086,
1.65045,
1.9321,
0.681738,
0.287148,
0.167307,
5.72683,
3.32597,
4.64717,
0.677645,
2.63415,
2.07431,
4.25622,
5.07205,
1.38106,
1.31052,
3.67486,
3.29491,
0.579604,
2.5804,
2.01965,
6.54165,
3.04904,
2.7431,
6.61046,
0.460775,
1.13856,
3.24435,
3.69426,
1.14322,
8.28971,
7.35036,
0.684594,
2.35046,
0.647681,
3.77507,
0.56422,
2.75712,
0.680706,
0.522421,
4.88971,
1.78585,
4.03206,
1.14086,
0.123583,
5.61323,
0.938457,
0.951011,
6.35457,
0.113445,
4.17929,
3.97435,
1.26906,
5.13997,
0.634191,
1.65733,
0.370653,
0.287501,
0.363708,
6.09366,
6.56366,
0.492111,
3.45597,
2.36476,
4.71969,
0.980045,
4.22817,
0.692053,
2.64129,
2.75603,
1.19404,
2.03947,
0.588598,
1.35599,
1.27245,
1.24461,
4.34979,
1.84617,
4.99737,
0.690474,
3.30369,
2.5372,
3.27297,
1.82368,
0.690544,
0.0879555,
0.439351,
0.67866,
2.08354,
1.26101,
5.3057,
0.256111,
0.978586,
3.30612,
0.517577,
4.33443,
0.681707,
4.84259,
3.86406,
5.03194,
0.366653,
0.655046,
1.37243,
1.97852,
2.69154,
2.03798,
0.43096,
6.19049,
2.62161,
0.681049,
5.67642,
3.89163,
2.27938,
4.07601,
1.25607,
1.3384,
0.691404,
6.05925,
3.86781,
0.343775,
1.60089,
1.96207,
0.549377,
0.278082,
3.6518,
2.25541,
4.16788,
0.132512,
3.30176,
1.68386,
2.75301,
4.90407,
3.29097,
1.66454,
1.15383,
3.78363,
0.960277,
0.462865,
3.34214,
0.942986,
0.238096,
5.97286,
1.60348,
0.582523,
4.33511,
0.692743,
3.29495,
1.37639,
3.2353,
2.70263,
1.10329,
1.26403,
3.30668,
1.09704,
2.04462,
2.0497,
9.39916,
5.59126,
1.08108,
3.41794,
2.93161,
0.169267,
2.04868,
1.36383,
0.0965656,
1.51068,
3.856,
1.15163,
4.47774,
3.79478,
0.575765,
0.407092,
0.431891,
2.00651,
0.438671,
0.179941,
5.77659,
0.206985,
0.061791,
3.90263,
3.29146,
0.684698,
3.0239,
5.10122,
4.6149,
3.80181,
1.35191,
0.614093,
5.292,
0.657526,
0.962737,
0.623348,
5.91128,
4.3808,
0.457637,
0.466505,
0.677995,
2.20748,
0.0626941,
5.20283,
0.692847,
1.10993,
0.69237,
0.540768,
1.16284,
2.07677,
5.88718,
0.437518,
1.38135,
1.31387,
3.84632,
0.97932,
2.73481,
4.1592,
0.466823,
4.66241,
1.26095,
1.32244,
0.888859,
4.9825,
2.18675,
0.569955,
0.796919,
7.09218,
0.93391,
2.07734,
1.23985,
5.26421,
0.621588,
5.89353,
0.69164,
2.78167,
4.97158,
0.673387,
0.679705,
3.00201,
2.45589,
2.31421,
0.590848,
2.03214,
2.66065,
1.30358,
1.3803,
0.680149,
4.30216,
1.94233,
1.6457,
0.649939,
4.17807,
0.646873,
5.24856,
0.284306,
3.82199,
0.238387,
4.25709,
1.20983,
0.446967,
2.35174,
8.45368,
0.45531,
3.41863,
0.0936691,
0.639493,
1.38268,
5.75501,
0.444817,
2.05748,
0.282964,
1.09278,
1.40834,
3.75966,
4.11422,
0.687303,
2.36298,
0.284867,
1.26745,
3.10551,
0.263559,
1.37839,
2.31559,
0.369002,
3.3073,
0.573903,
2.02233,
0.519813,
1.14405,
1.29766,
1.36931,
1.10502,
5.49605,
10.253,
2.27198,
0.236652,
0.565336,
2.07357,
1.95159,
4.20691,
2.46522,
1.91522,
4.79861,
2.05181,
0.201316,
4.91982,
0.253758,
0.685952,
3.26202,
2.05728,
2.4152,
0.686551,
1.72002,
2.05298,
2.03246,
0.671824,
3.86284,
5.34904,
0.436576,
0.398199,
0.464311,
0.68853,
2.21475,
4.28114,
1.18946,
0.627854,
1.33403,
0.442832,
6.06153,
0.205304,
1.75231,
0.545923,
0.589757,
3.76626,
5.74703,
2.06749,
0.602379,
5.34438,
0.46237,
6.97329,
2.51297,
4.79458,
1.29675,
2.95674,
5.16965,
1.7413,
5.47093,
0.928507,
0.282311,
1.37206,
1.22762,
5.01742,
4.54945,
1.38381,
4.49377,
3.57848,
1.84451,
0.465756,
1.27668,
1.05264,
4.19911,
0.491679,
2.48522,
3.35086,
2.56144,
0.877124,
0.278724,
3.99419,
2.21931,
0.68515,
1.84028,
1.60476,
0.39172,
4.01191,
0.70921,
1.91334,
0.963067,
0.242233,
1.10346,
1.11441,
0.364646,
5.26746,
0.264387,
0.676931,
2.31892,
5.52598,
2.70555,
2.3533,
0.501386,
1.80983,
3.40204,
2.72738,
0.688178,
0.563524,
4.01886,
1.07177,
0.131605,
0.539615,
0.797186,
2.40754,
0.451765,
1.39304,
5.42133,
4.85149,
0.689797,
5.57316,
2.32701,
0.41408,
3.71379,
2.31187,
1.33933,
1.11189,
3.10162,
0.690338,
1.09475,
5.34217,
0.92393,
2.45492,
0.659504,
3.06365,
1.30839,
1.73775,
3.32739,
4.13163,
3.01873,
6.41489,
0.277697,
5.51275,
2.67462,
1.63341,
1.85435,
0.824137,
1.66781,
1.71881,
1.06494,
9.68057,
1.82034,
1.83006,
1.33306,
1.14585,
1.03388,
4.06507,
2.43707,
4.08472,
1.25205,
1.31206,
2.6951,
1.77933,
2.69641,
3.4635,
0.611448,
0.684498,
5.15514,
0.675833,
1.97213,
0.692048,
1.33608,
3.45358,
0.185692,
0.666867,
0.964496,
4.86887,
1.83396,
0.974171,
3.59913,
1.24074,
2.06115,
5.20721,
0.94803,
0.515179,
2.76209,
0.641323,
6.11941,
2.68774,
2.69881,
1.31003,
0.948287,
5.38953,
0.688565,
1.77372,
1.14596,
1.38561,
1.13925,
2.02162,
0.928561,
0.624588,
0.200521,
3.26825,
2.51245,
0.409964,
2.60681,
4.19912,
0.468611,
5.4812,
4.29082,
1.89549,
2.50932,
4.158,
2.80917,
0.123521,
2.03172,
1.71779,
1.81609,
0.547198,
0.391161,
0.0217234,
1.16794,
0.466227,
0.387262,
2.32445,
4.53309,
1.11033,
0.691451,
6.21199,
3.20911,
0.280437,
1.86387,
1.55654,
5.98105,
0.976761,
1.25572,
1.37363,
0.637687,
3.39804,
2.71725,
0.503045,
6.28902,
3.62368,
0.674755,
3.24471,
0.0503716,
4.46007,
1.82461,
0.368524,
1.26196,
2.59417,
7.27879,
0.372519,
1.50204,
0.690237,
2.29488,
1.33096,
0.113678,
2.07544,
1.93078,
2.53736,
1.59293,
4.24224,
2.03679,
3.40987,
1.35834,
2.30863,
2.07683,
1.15503,
4.39172,
5.8063,
5.29974,
6.452,
1.65027,
2.75657,
2.0751,
2.74864,
3.27848,
1.62568,
1.72485,
0.500928,
0.405559,
0.27867,
4.99342,
0.4012,
2.07599,
1.65837,
2.56776,
2.37592,
3.82387,
1.35792,
1.58429,
5.5647,
1.26105,
5.00856,
2.05461,
4.96285,
0.658622,
5.82546,
0.951289,
3.49107,
0.129159,
5.31743,
1.65939,
2.06691,
0.283929,
1.95546,
2.0335,
2.70819,
1.50191,
1.75052,
4.76879,
2.75785,
0.95202,
1.33294,
0.565989,
2.73322,
0.678753,
1.60619,
3.16682,
0.669443,
2.72185,
3.24498,
3.37966,
4.87713,
1.28737,
1.74544,
1.92445,
0.687111,
1.96243,
2.08954,
1.36068,
1.36653,
0.667211,
0.592681,
2.04048,
0.654329,
0.571716,
0.466927,
0.893563,
0.531295,
3.55673,
2.30337,
2.69268,
4.05552,
0.688816,
3.81985,
4.57822,
0.618642,
4.18488,
0.65484,
0.0598453,
0.660983,
0.169083,
0.433704,
1.39945,
0.657766,
1.0748,
0.691249,
3.90926,
0.685384,
4.04698,
1.32049,
3.24308,
2.15949,
2.69216,
1.38501,
1.36775,
4.34766,
5.48907,
0.127265,
0.165523,
5.19435,
6.04937,
0.621741,
0.651689,
5.751,
2.71995,
0.596062,
0.627604,
0.369722,
2.99204,
0.664694,
0.66138,
0.68559,
6.10079,
3.29332,
2.04553,
1.24506,
1.75743,
0.118094,
0.976036,
0.417727,
1.66856,
4.17284,
1.37945,
5.74235,
2.50511,
1.61078,
1.14291,
2.06194,
3.69695,
0.246014,
0.671317,
3.754,
1.83621,
1.98763,
0.814093,
0.244357,
3.3435,
6.08511,
1.59541,
7.22256,
1.63539,
1.93405,
2.68555,
0.0950494,
1.37225,
0.542115,
0.968911,
1.27245,
0.960281,
0.684929,
0.463361,
1.0298,
5.86781,
1.65452,
2.9515,
2.48279,
2.24892,
1.11479,
0.0445446,
2.73011,
3.9066,
2.03795,
2.05065,
1.10763,
0.543847,
4.08578,
1.71777,
0.661751,
0.211321,
1.92248,
2.04904,
3.29472,
0.263999,
0.97434,
2.04716,
1.0573,
0.460738,
3.41455,
0.572144,
0.883073,
1.56177,
3.83398,
1.55828,
1.55892,
2.49469,
0.964889,
1.2281,
4.60804,
1.37867,
5.72268,
1.37263,
7.11612,
0.671861,
1.21608,
0.140371,
5.84653,
0.525155,
0.604824,
1.37859,
2.68298,
4.77954,
0.674277,
0.691693,
0.566477,
0.568889,
3.94868,
0.663032,
1.46358,
2.83308,
0.352112,
5.55507,
1.63826,
4.56747,
0.690525,
5.73829,
5.48161,
3.26859,
3.09206,
2.6126,
0.649,
2.74772,
1.16086,
3.76337,
0.837907,
4.31254,
0.970397,
4.77999,
4.83665,
6.34919,
1.38125,
2.70989,
0.371485,
2.22554,
2.22283,
1.64287,
5.26649,
2.47332,
0.467017,
5.14539,
0.0924161,
4.06448,
1.09086,
7.62448,
0.649934,
4.63139,
0.6893,
5.34496,
0.677237,
0.679503,
3.85679,
0.435063,
1.6172,
3.73478,
4.02259,
0.674763,
1.36149,
2.34382,
0.514738,
1.76138,
1.78037,
4.87347,
4.92471,
1.36054,
0.685209,
1.82517,
6.72522,
4.46987,
6.81393,
0.168836,
1.66282,
1.36687,
5.99933,
0.46477,
4.72163,
0.517952,
1.99695,
2.73888,
0.191175,
3.33456,
2.71177,
3.28911,
0.69064,
0.240728,
3.40972,
4.28432,
0.961217,
0.194761,
1.84063,
1.33691,
5.20259,
4.90962,
1.01209,
1.15302,
5.07912,
1.81711,
3.17101,
4.37444,
3.9678,
2.0445,
6.21902,
3.34144,
6.27199,
0.539066,
1.4936,
0.240402,
1.68195,
0.299397,
0.961219,
0.605674,
2.73534,
0.657583,
0.648458,
0.655615,
1.99973,
2.70068,
3.27041,
0.565891,
2.47304,
2.96951,
2.71381,
2.33511,
0.571774,
2.50426,
0.686128,
0.615389,
5.69754,
3.51447,
1.37647,
3.29866,
2.50491,
2.05624,
1.37533,
3.28321,
0.781681,
1.30195,
3.04991,
0.623626,
2.04483,
1.95282,
0.502274,
0.79639,
1.46485,
0.650193,
1.78918,
0.630773,
0.271284,
2.71801,
6.38074,
0.565176,
0.924429,
0.825956,
6.27529,
1.24497,
0.684451,
3.95044,
1.35554,
7.51423,
1.81776,
0.266918,
6.91351,
5.65608,
0.611416,
5.4175,
1.14295,
5.96414,
6.41732,
1.34148,
4.2038,
1.2001,
0.965918,
2.07553,
0.962158,
2.67337,
0.419821,
3.80457,
2.47602,
2.33356,
2.41054,
1.15229,
1.36199,
0.962455,
1.30433,
4.6777,
3.27117,
0.652638,
1.7534,
0.246824,
8.12273,
0.653943,
5.82175,
0.424054,
1.38302,
1.60037,
2.34845,
1.22557,
3.93277,
1.92451,
1.60133,
6.30606,
0.619005,
0.683546,
0.465068,
6.62543,
2.05074,
2.54521,
5.30084,
0.366023,
2.03541,
0.203199,
5.03772,
1.57195,
1.56845,
1.9711,
4.17146,
0.24265,
1.66411,
0.686589,
3.52515,
4.49075,
0.236164,
0.432352,
4.50722,
0.468553,
0.634531,
2.94477,
0.575641,
4.03989,
2.20136,
1.32905,
1.07485,
2.03934,
0.564334,
1.36057,
1.91929,
1.086,
1.65227,
1.3564,
1.15279,
2.29825,
0.260094,
4.3211,
0.687456,
4.01226,
3.76637,
1.06291,
4.39281,
0.656971,
1.34756,
0.561737,
6.99045,
3.91604,
5.45458,
2.07888,
2.05588,
0.967702,
1.02998,
1.91812,
0.538535,
3.98157,
2.52999,
0.206105,
2.49517,
2.03801,
3.37611,
0.678039,
0.132625,
1.3704,
5.61228,
0.661483,
2.32653,
0.433844,
3.75807,
2.75161,
0.432028,
0.947014,
2.73845,
0.62191,
1.64282,
2.58212,
3.35205,
5.18623,
3.42839,
0.2679,
10.7594,
0.604828,
0.570286,
0.281866,
0.131815,
3.96221,
1.8395,
5.79654,
1.26788,
1.26715,
6.42904,
2.29155,
0.649461,
1.31772,
2.94728,
2.32436,
0.689546,
1.83234,
1.3774,
4.84889,
1.37301,
5.13109,
0.119056,
0.469394,
0.468866,
4.88229,
0.627221,
2.73415,
1.25857,
1.37586,
3.90358,
3.40665,
1.19309,
3.27128,
0.675761,
0.928467,
1.37483,
0.417636,
1.88408,
4.6953,
5.4628,
2.66258,
0.603884,
0.235995,
2.294,
2.75327,
5.79423,
5.13631,
3.78137,
0.43506,
2.05664,
4.21069,
2.07192,
5.46958,
6.67054,
0.676193,
0.867154,
1.94521,
4.78459,
5.09622,
0.467781,
1.64651,
1.36969,
0.692957,
2.90083,
0.465871,
5.13723,
4.77664,
3.77031,
2.51522,
0.420296,
3.07424,
1.3571,
2.02182,
2.77105,
0.0935957,
7.68073,
0.0615207,
2.98054,
1.36056,
3.31886,
0.964771,
4.18222,
1.38447,
8.6804,
1.16282,
0.668333,
0.264218,
1.37049,
1.36043,
3.82908,
0.552579,
0.569563,
0.884497,
1.95753,
0.680683,
1.3595,
0.566919,
3.53353,
5.25412,
1.97762,
2.07317,
4.53692,
0.445053,
3.65399,
0.968088,
0.579929,
0.827143,
4.15074,
0.468379,
4.14539,
2.01828,
2.03977,
4.8997,
0.566314,
2.07871,
2.69794,
3.82081,
3.58897,
3.57211,
1.49241,
3.13963,
5.87923,
4.55401,
6.44294,
5.89693,
6.14723,
1.15033,
5.09917,
4.85741,
0.225956,
2.75497,
2.61721,
5.17589,
1.47425,
5.56095,
4.13095,
1.98379,
5.67714,
0.678647,
3.18038,
1.11516,
1.98017,
2.40534,
0.465934,
3.42669,
2.25826,
0.966403,
0.107379,
0.58996,
1.37328,
0.692185,
4.03756,
0.126971,
1.19722,
4.35668,
2.02894,
0.271723,
1.36212,
1.25816,
1.14906,
5.5125,
0.454883,
0.5747,
5.29277,
0.68475,
3.1465,
1.59104,
2.19759,
0.412599,
0.690022,
1.94999,
0.461059,
1.64452,
1.3512,
3.8716,
4.97396,
1.14552,
4.77832,
1.38023,
2.01949,
1.86405,
0.682847,
0.546784,
3.83994,
0.287089,
3.72614,
1.35171,
2.5799,
2.59229,
8.3279,
1.10396,
3.43305,
1.9371,
0.285555,
7.52404,
2.54139,
2.51413,
4.11585,
1.65323,
0.814705,
1.34817,
0.621452,
1.72953,
6.12955,
5.20029,
0.81677,
4.90976,
0.964724,
5.20613,
1.07566,
3.42677,
2.73635,
1.35557,
2.00342,
2.7239,
1.35813,
1.26609,
0.683774,
0.520669,
1.25849,
0.466924,
0.441995,
5.54621,
5.50759,
4.89715,
5.03052,
0.826292,
0.594196,
2.33201,
0.620392,
4.23342,
5.46636,
0.685753,
1.11275,
0.818256,
2.02191,
1.47235,
0.360808,
0.558654,
2.65935,
1.26109,
2.6557,
2.71696,
2.65949,
0.976869,
3.4891,
0.682995,
4.96063,
1.28278,
7.46454,
1.18777,
5.15682,
0.165148,
0.399877,
5.99626,
3.35542,
1.33694,
0.528813,
2.02576,
2.24863,
2.67519,
6.99294,
4.87303,
1.80891,
4.40207,
2.51401,
0.510202,
5.46086,
4.2897,
1.62317,
0.627704,
3.4584,
0.562385,
3.29293,
3.66326,
2.0518,
6.67138,
3.38966,
5.34766,
3.29923,
0.627445,
0.556579,
0.35003,
0.199797,
5.77787,
0.688485,
1.37556,
3.46121,
0.614702,
0.147695,
0.59256,
1.66155,
4.73174,
4.40294,
0.651101,
0.544139,
3.95364,
5.10486,
3.43701,
0.461661,
1.10739,
4.84108,
0.9607,
8.88513,
4.97134,
4.05554,
2.06855,
5.08632,
0.951312,
3.71404,
5.45789,
0.610882,
1.37488,
0.794597,
0.604189,
3.38918,
1.99159,
1.37834,
0.374548,
4.05877,
1.82008,
1.15346,
0.658889,
0.110514,
2.43474,
4.14688,
1.55455,
0.681624,
0.527697,
1.37472,
0.68526,
2.03641,
4.01776,
3.26308,
1.36023,
0.545755,
1.87947,
0.850948,
4.23499,
0.275133,
4.41725,
0.45911,
1.3604,
2.00492,
2.03255,
1.95825,
2.06551,
2.69412,
1.67328,
4.95603,
0.621685,
0.649156,
0.558212,
1.88397,
2.53478,
1.66178,
0.257725,
2.63162,
2.01755,
3.7042,
0.130329,
0.261519,
0.962966,
3.3816,
1.2848,
1.43419,
4.54436,
1.3722,
3.84057,
5.14366,
3.25894,
5.09722,
1.31446,
0.280741,
3.37499,
2.71949,
1.05785,
1.37578,
1.49267,
0.466881,
2.03861,
3.3432,
1.20256,
1.05874,
4.71354,
0.275232,
9.5782,
4.38743,
6.71001,
0.362198,
0.671824,
0.658391,
1.54357,
2.73233,
2.58349,
3.38194,
1.3452,
1.3722,
2.96225,
1.3857,
3.19972,
0.933781,
5.46627,
0.692537,
5.73889,
1.25621,
0.111626,
2.0687,
1.25638,
5.37795,
2.07209,
1.19158,
3.40107,
0.416978,
1.63966,
0.632717,
3.04922,
1.14123,
2.32966,
1.67344,
5.80418,
1.30084,
0.467064,
5.22953,
0.62277,
1.67559,
0.69001,
3.43708,
0.842057,
1.38194,
2.04519,
0.684603,
4.91168,
2.95392,
3.7799,
0.956657,
0.683178,
6.24772,
0.785337,
0.20343,
1.13513,
5.01265,
0.664,
5.14374,
1.10825,
3.3425,
2.70732,
0.262697,
0.655148,
3.59656,
5.68061,
3.95061,
1.61417,
3.46384,
5.06,
4.69113,
1.26499,
0.126238,
0.281349,
0.467864,
4.20858,
4.95139,
3.24488,
2.71265,
5.2322,
2.04893,
1.8185,
1.37748,
5.52171,
0.681414,
0.517277,
6.04975,
0.966241,
0.460638,
6.31521,
0.503491,
2.75674,
5.81524,
3.13773,
0.68229,
2.02567,
3.30697,
0.27734,
2.64872,
1.63628,
1.25564,
1.26203,
0.435581,
4.81341,
5.2135,
1.25708,
4.13035,
4.85266,
0.282505,
0.673579,
1.93947,
0.679094,
2.71446,
2.0492,
1.55578,
1.92956,
1.98643,
4.04294,
5.2969,
2.62962,
2.42825,
0.68917,
1.32057,
0.570218,
0.572699,
3.38606,
1.90823,
3.82073,
4.15867,
1.36658,
1.66216,
0.531526,
3.95218,
10.8774,
0.0364644,
0.406148,
3.29229,
1.92172,
0.682622,
3.29143,
5.56674,
0.537835,
4.8607,
2.66535,
0.28527,
1.99234,
9.12128,
2.06572,
1.97668,
2.1564,
0.84443,
3.5325,
0.224842,
5.60174,
0.32478,
6.02822,
2.7664,
2.0342,
5.09666,
1.25329,
0.683511,
0.665093,
0.672292,
4.94471,
0.680472,
3.78053,
5.12552,
0.685212,
2.03567,
2.95566,
2.33095,
2.07057,
3.38165,
5.5514,
1.379,
5.94251,
0.672394,
0.0440445,
0.585404,
1.91729,
7.94321,
3.28442,
4.70801,
0.647769,
1.24467,
1.63748,
0.455002,
2.92986,
4.75969,
0.132622,
2.45428,
1.36977,
3.78464,
2.46875,
0.245383,
1.84928,
3.41713,
0.952412,
1.1323,
2.0563,
2.50231,
0.535379,
3.90053,
3.77538,
0.660142,
1.34558,
0.468668,
6.65348,
4.17645,
1.82281,
1.92997,
1.10772,
0.565131,
2.7426,
0.674,
5.64048,
5.22721,
4.94636,
6.09055,
0.458595,
1.64928,
0.688726,
5.4393,
0.0890782,
2.42632,
5.24016,
4.0313,
1.38339,
3.55012,
1.15234,
0.618623,
1.3424,
5.64184,
0.685152,
3.55924,
1.66518,
0.200156,
2.3179,
6.16814,
4.45518,
1.16195,
2.77602,
4.29596,
0.856124,
1.29572,
3.10191,
2.63239,
0.490974,
0.889936,
0.122054,
2.94666,
0.278121,
2.56853,
1.85022,
3.42916,
6.95093,
3.84133,
1.3655,
2.30744,
0.601328,
5.79924,
2.17985,
4.46825,
0.277754,
0.88611,
0.604532,
0.647813,
1.90761,
4.34632,
0.68693,
4.05239,
3.37637,
1.66939,
2.31998,
1.93212,
6.83357,
0.265576,
0.2006,
1.30079,
1.60475,
1.37014,
2.47776,
2.60052,
0.450159,
1.38439,
1.14644,
1.35607,
5.03452,
2.32195,
0.59583,
1.36475,
3.21435,
3.08233,
0.462593,
0.615785,
6.36557,
0.407587,
0.653665,
0.0965259,
4.40252,
1.44161,
6.5677,
3.79825,
0.558967,
1.1058,
1.96626,
0.261586,
6.17982,
0.605704,
4.34223,
5.23512,
0.0876245,
1.30299,
0.959653,
5.10715,
1.99586,
2.05321,
0.662904,
0.661914,
0.958351,
5.16579,
1.59826,
1.28403,
4.79779,
1.34896,
0.68394,
5.96234,
5.63896,
4.39284,
2.54228,
4.67047,
4.28982,
0.538868,
5.93963,
1.53579,
0.671777,
0.676932,
3.42967,
3.17627,
0.961683,
3.43297,
2.72531,
3.68882,
1.99791,
3.86419,
2.6876,
3.58746,
5.40172,
2.72353,
4.83133,
2.06461,
1.07516,
5.60882,
1.99018,
4.68895,
0.669893,
2.46858,
7.19668,
3.30132,
0.279295,
1.38181,
0.561659,
0.650657,
3.28345,
2.03777,
0.2721,
1.86613,
0.691301,
4.54521,
0.680585,
3.90134,
0.256447,
4.58327,
2.68482,
6.14553,
0.690309,
0.967798,
3.18174,
0.978107,
4.9622,
0.257272,
3.38942,
3.24545,
2.66463,
4.1332,
2.96954,
4.86978,
0.527636,
0.677713,
5.38675,
3.90485,
0.689866,
2.81378,
2.58643,
4.91037,
6.02337,
0.240824,
0.36399,
1.14987,
0.682338,
5.9679,
1.16174,
1.14575,
1.134,
0.452757,
2.65447,
1.03654,
5.01827,
0.466328,
1.90517,
2.34405,
1.3613,
8.88728,
2.96134,
1.30699,
3.83027,
2.06563,
3.25936,
0.678133,
2.69866,
1.81099,
1.34808,
5.50555,
4.06056,
1.60054,
2.22868,
0.206086,
0.568021,
0.616966,
1.49405,
5.18613,
0.440817,
6.05333,
1.35695,
1.82724,
2.03229,
0.972425,
4.10054,
0.468224,
2.02192,
0.709821,
1.203,
3.02527,
0.600745,
5.52453,
5.55722,
1.35903,
0.651083,
2.21795,
0.303772,
0.820259,
2.77954,
6.02163,
2.73752,
2.74576,
2.36036,
1.89655,
4.08219,
1.12305,
1.38485,
0.792843,
0.269698,
2.60469,
0.468333,
5.35212,
3.28295,
3.30415,
2.66095,
0.511701,
0.206165,
2.69414,
4.36348,
1.8832,
1.84104,
2.71735,
1.37734,
2.30016,
2.012,
2.52303,
2.34534,
2.68239,
5.07083,
0.952707,
3.30572,
3.3628,
1.34258,
0.277323,
0.952995,
0.402539,
0.969076,
2.84689,
3.74304,
0.676974,
1.35577,
1.48096,
1.23875,
2.41173,
1.72632,
4.94737,
1.58695,
2.72455,
1.9502,
5.22733,
0.667678,
3.2501,
2.04312,
4.25155,
2.76348,
1.05952,
2.02901,
3.23609,
0.971427,
2.1005,
2.53973,
6.17952,
5.29986,
8.56328,
0.357124,
1.38559,
2.03474,
3.01801,
5.25079,
0.284447,
1.31027,
1.30492,
5.24706,
0.622893,
0.238283,
5.24822,
1.50423,
0.371883,
2.52559,
1.33935,
0.627096,
0.599735,
1.14042,
1.95392,
2.06899,
0.654657,
3.08524,
1.3793,
5.72689,
2.34092,
0.165187,
1.27058,
1.95269,
0.260064,
2.49526,
0.629637,
0.687994,
2.32362,
0.4679,
1.82571,
1.60941,
6.04792,
6.36606,
0.262824,
0.680806,
2.69598,
0.678154,
6.69008,
0.597402,
1.71986,
0.511772,
1.93636,
4.72564,
4.91621,
1.59227,
1.80846,
1.32484,
0.469311,
5.54241,
0.978602,
0.226124,
4.01432,
1.16178,
0.267932,
3.26825,
0.816619,
0.636694,
1.10639,
1.2451,
0.591535,
1.24859,
0.568614,
2.0397,
2.20748,
1.34161,
3.92792,
0.532069,
1.38373,
2.40087,
1.16997,
3.26416,
2.77129,
6.13967,
0.278475,
0.898334,
6.98183,
2.71571,
2.19133,
0.820993,
1.94867,
2.30457,
0.684439,
3.28191,
0.817848,
0.46214,
1.64374,
2.65479,
1.96299,
2.5346,
1.64832,
0.568519,
0.629279,
5.3986,
2.61643,
1.36003,
2.04685,
1.65985,
1.72485,
3.70047,
5.02112,
1.24898,
3.24681,
3.82821,
2.0276,
0.958438,
0.241254,
2.46271,
5.95294,
0.279355,
1.3786,
3.8327,
3.96855,
3.39091,
0.66075,
4.01679,
3.82862,
7.22225,
2.03302,
5.59502,
6.47783,
5.84356,
1.25472,
5.21106,
2.02229,
0.619553,
2.07049,
1.15075,
2.6694,
7.2876,
2.53842,
2.31914,
0.446983,
4.74716,
3.91946,
3.88386,
4.14021,
2.31212,
3.29495,
1.12424,
4.74,
0.56301,
4.98681,
3.00004,
1.4306,
0.566031,
0.572244,
1.208,
0.598476,
1.05466,
2.94627,
0.5488,
3.62572,
0.352529,
3.0963,
0.667293,
2.75115,
1.33251,
2.81499,
2.93354,
3.29183,
0.651429,
4.98408,
0.690568,
0.517508,
1.9924,
0.618128,
5.40076,
1.19191,
0.245004,
4.19184,
4.90267,
2.06286,
1.26151,
8.45268,
3.78487,
1.09185,
0.372473,
1.09215,
0.207451,
1.17131,
0.991218,
5.24284,
5.79703,
2.03199,
0.687302,
1.73972,
0.205993,
1.76043,
4.44666,
0.244841,
1.14255,
1.64247,
2.91868,
1.32609,
1.95283,
1.2988,
3.42069,
7.17198,
5.47626,
1.36971,
1.97959,
0.684458,
3.15564,
4.58016,
1.1409,
0.668616,
1.66347,
0.598958,
2.01013,
4.178,
3.37273,
2.45977,
4.06367,
1.3331,
0.528633,
1.3783,
2.55013,
0.652938,
0.672648,
1.36951,
3.40081,
5.62341,
0.0950617,
0.558491,
1.3649,
2.79566,
0.69299,
1.24301,
0.511215,
1.28405,
3.21077,
1.83876,
2.76945,
2.7076,
1.36337,
1.31607,
0.692059,
5.16135,
1.26639,
2.03077,
0.41201,
0.690436,
0.286084,
3.8064,
0.373208,
2.06986,
0.606252,
0.689608,
1.30035,
2.27828,
1.95455,
1.28622,
4.9529,
1.81253,
1.37469,
3.45363,
0.25949,
3.88055,
1.77067,
1.31668,
1.65071,
0.68894,
6.54373,
7.61904,
0.963974,
0.68535,
3.39169,
1.23575,
0.264139,
0.667502,
0.824249,
0.154152,
7.2946,
2.35894,
1.79935,
2.48612,
1.74239,
1.92339,
0.130246,
2.04551,
5.94169,
0.816959,
5.13207,
1.04944,
3.45105,
3.84514,
4.06549,
5.54561,
1.3421,
1.26394,
1.42877,
5.10574,
0.663485,
0.402894,
5.7388,
3.37497,
1.80185,
1.32103,
0.619163,
2.848,
0.627516,
3.08059,
1.38066,
4.13736,
6.16936,
0.228202,
2.08399,
4.37306,
1.83316,
7.46534,
2.52296,
2.65871,
0.465001,
1.14978,
3.64865,
2.91119,
1.96134,
2.45719,
1.15549,
2.07819,
0.690731,
1.66646,
2.31589,
4.95267,
4.16514,
2.053,
4.26408,
1.12119,
0.95281,
6.5889,
4.40885,
4.98625,
0.283957,
1.73461,
0.12353,
0.623102,
0.56599,
1.85148,
1.93752,
2.0706,
1.24778,
1.30377,
5.22377,
4.43243,
4.76092,
1.99358,
2.76264,
1.0751,
1.38078,
1.50713,
5.20167,
1.32209,
0.66423,
0.340482,
1.57608,
3.29537,
0.358577,
1.08299,
0.435263,
0.463938,
5.06782,
0.683114,
2.49729,
1.35811,
0.568987,
0.689815,
0.458916,
0.693014,
1.32339,
1.38395,
2.70151,
0.649648,
2.02227,
2.73804,
2.33515,
1.11643,
0.680215,
5.01899,
0.200319,
1.16102,
0.508564,
0.688321,
3.45234,
7.82229,
3.38415,
0.691932,
5.09593,
3.92797,
3.79307,
4.76963,
2.66175,
5.27749,
6.7176,
1.24504,
5.29032,
0.537164,
5.01894,
1.46732,
3.41289,
2.05563,
0.464012,
6.49204,
1.38008,
5.73514,
0.282899,
0.280233,
0.962896,
1.23669,
4.65381,
2.82683,
0.64945,
1.81335,
4.67621,
4.73788,
0.672519,
4.72375,
0.888598,
5.66956,
5.80276,
6.00828,
1.26017,
1.56009,
0.620469,
2.97321,
1.2485,
0.279742,
2.47887,
0.894955,
4.00084,
5.80617,
0.458333,
2.69191,
0.630897,
2.64124,
0.854498,
5.18454,
0.372105,
2.92647,
0.685507,
1.46943,
0.619609,
1.3038,
1.81885,
0.280177,
1.48014,
3.94894,
3.66826,
2.33249,
0.417558,
0.890156,
6.02544,
5.17414,
0.975765,
0.409972,
1.37544,
1.21983,
1.36375,
5.91664,
1.68067,
3.92715,
5.85069,
0.207493,
0.96624,
1.25219,
0.3239,
2.71617,
5.134,
6.22916,
3.24838,
6.32706,
1.22255,
2.67725,
5.58191,
3.5249,
3.28337,
1.22231,
6.25052,
0.974992,
3.9999,
0.610381,
5.31334,
0.283762,
1.56444,
4.35106,
5.57285,
1.14184,
2.84479,
2.7089,
4.15978,
3.04177,
0.551372,
5.13004,
4.87354,
1.14235,
1.94882,
0.0425035,
2.04288,
2.07898,
1.57303,
1.36308,
1.97361,
4.99859,
0.622659,
2.69409,
2.71878,
2.76357,
1.99414,
2.03684,
3.04638,
4.12944,
3.42415,
3.46113,
3.5168,
1.70109,
1.25491,
2.73054,
2.35885,
1.91754,
0.689109,
5.01167,
0.682136,
0.451729,
1.06676,
0.622584,
0.625277,
0.437186,
1.36179,
5.25292,
2.05927,
2.5259,
1.37849,
2.67441,
0.693133,
1.37166,
0.46571,
0.277885,
0.258709,
5.6194,
0.935761,
0.373397,
6.73089,
3.39714,
3.64969,
2.02357,
0.602414,
6.08986,
2.41271,
1.81326,
1.32144,
1.31457,
5.18398,
0.515718,
5.87654,
1.91834,
5.38063,
1.31929,
1.73723,
5.83307,
0.368641,
1.35355,
0.469681,
1.07716,
3.96029,
3.23099,
3.95959,
2.03027,
5.61779,
3.13233,
3.90904,
0.94927,
0.189899,
0.690604,
0.59419,
6.73396,
2.02022,
3.02883,
4.45801,
2.05218,
2.07548,
1.14099,
0.54578,
4.95938,
3.24863,
0.469661,
0.467187,
3.48416,
1.97345,
0.930385,
1.47858,
2.71282,
2.03483,
1.13579,
4.99761,
1.61533,
1.36713,
1.95059,
0.686178,
3.98649,
0.341399,
2.74169,
6.06415,
0.55536,
6.15603,
1.35907,
5.79861,
4.02501,
3.83442,
1.2673,
6.64028,
2.05097,
2.76653,
0.567293,
2.65865,
0.658112,
5.73965,
1.98285,
0.682387,
2.01802,
2.00311,
3.6855,
0.691953,
1.91093,
0.875804,
3.04564,
1.51839,
0.242385,
5.18942,
0.424373,
2.16037,
0.351911,
7.12249,
0.619563,
0.120557,
0.679678,
1.083,
1.76631,
4.18227,
1.33135,
0.576083,
8.31278,
3.05384,
0.481882,
1.37835,
2.00782,
5.23129,
1.91376,
2.07833,
4.02335,
4.29743,
0.543144,
4.23213,
0.671516,
1.13988,
1.34082,
1.21923,
3.33334,
2.99169,
4.1122,
1.32374,
2.34584,
1.66794,
5.02052,
0.678849,
2.3662,
1.67099,
0.628213,
2.34336,
0.744823,
0.204515,
0.638916,
2.04689,
0.683467,
0.404576,
1.2643,
5.98093,
0.443642,
1.57151,
2.48372,
3.41585,
5.61141,
5.03387,
3.78229,
2.65878,
1.3691,
4.53926,
3.27632,
2.07856,
0.275034,
3.18877,
6.21052,
0.562531,
7.41076,
2.49023,
3.22296,
1.71246,
0.414834,
0.182965,
1.99986,
0.691775,
2.46441,
5.63324,
3.79738,
4.4209,
0.417933,
3.93885,
4.68537,
4.63068,
0.620062,
1.89307,
0.577219,
2.77184,
3.44714,
8.66916,
3.46017,
1.44743,
8.19664,
1.64769,
0.687505,
0.682595,
1.71873,
4.18558,
0.856408,
1.3764,
2.02065,
1.20502,
0.653949,
0.956072,
1.22794,
1.12707,
4.00469,
3.84133,
7.57836,
1.65341,
4.29307,
5.86946,
0.670364,
2.07693,
4.98894,
4.90689,
5.75711,
2.50399,
1.30969,
0.442766,
4.68077,
3.32548,
8.4215,
1.24827,
1.83169,
3.07491,
0.572631,
1.36135,
0.688504,
1.78139,
0.5663,
0.37839,
0.682762,
5.74932,
0.459741,
4.53538,
5.47531,
0.562048,
1.02101,
1.95002,
2.80031,
5.10725,
1.94173,
5.0233,
5.89737,
5.52755,
0.0785287,
0.671959,
3.02947,
2.04657,
5.28379,
6.40852,
0.283769,
2.51498,
0.262082,
3.09439,
0.518261,
5.28978,
0.6875,
2.75721,
3.28637,
5.4472,
0.619211,
1.26447,
5.8619,
0.351603,
0.111457,
6.87958,
0.810572,
1.37524,
0.965369,
1.82916,
0.623223,
4.89955,
3.08858,
0.56108,
4.9638,
2.02331,
2.02638,
2.74596,
1.29766,
2.75973,
4.73202,
7.81893,
1.63079,
1.38404,
0.571059,
0.44409,
4.34469,
0.397854,
1.76253,
1.0548,
0.670694,
0.673812,
7.14727,
1.57973,
2.01918,
2.69623,
0.661271,
2.103,
2.42281,
1.37267,
1.93277,
5.23657,
1.98631,
1.19334,
3.20519,
2.45795,
0.180218,
3.77856,
1.31053,
1.32042,
1.37089,
1.31297,
0.578156,
0.89057,
1.82032,
1.67507,
0.964619,
3.80992,
0.26867,
0.510083,
1.66049,
0.126883,
0.182594,
0.976908,
3.21024,
0.463518,
0.241152,
1.77463,
0.540286,
0.662205,
4.90328,
0.622137,
1.85397,
4.90005,
0.879905,
0.55861,
4.51476,
5.41334,
7.26787,
1.3844,
0.510405,
1.32422,
0.630522,
1.16057,
1.34632,
0.245746,
0.226031,
0.686438,
3.93414,
1.25262,
1.36872,
1.98615,
2.71848,
1.45434,
1.60403,
2.70501,
0.182643,
0.239105,
0.373563,
0.649612,
2.3349,
0.284974,
0.203703,
1.37747,
4.26086,
4.42827,
1.10372,
0.469293,
1.25038,
4.06668,
2.0667,
0.600137,
1.23193,
4.47065,
0.353822,
1.26426,
4.43929,
4.97252,
4.32959,
5.47223,
4.1669,
1.89993,
0.556065,
4.26352,
4.41116,
4.07615,
4.6788,
5.53973,
4.03057,
0.790774,
3.26719,
4.52704,
2.72474,
0.65493,
1.37444,
0.817085,
3.32761,
1.84123,
3.98041,
2.92661,
2.56174,
0.969093,
3.77937,
1.36216,
3.13455,
1.51161,
2.68426,
5.11576,
1.6138,
4.17934,
0.685454,
1.33028,
2.72728,
0.746416,
3.00979,
0.575312,
2.48986,
0.658638,
3.6903,
0.547658,
1.63815,
1.26224,
0.385033,
1.1604,
2.92555,
2.07499,
3.297,
1.26316,
0.274024,
1.94904,
6.3585,
2.95696,
1.2459,
1.34267,
1.57194,
5.05229,
0.677189,
1.14448,
4.88459,
0.651582,
0.679565,
5.71332,
1.76411,
1.64453,
0.873327,
2.67237,
1.19908,
2.8634,
3.14089,
4.48455,
2.99623,
1.85197,
2.72848,
2.76736,
1.22444,
1.24664,
0.246231,
3.91624,
7.47935,
3.28842,
0.6889,
0.443116,
1.68927,
5.17719,
0.122741,
0.406497,
2.27482,
1.32382,
1.3727,
4.83351,
2.03691,
0.687829,
0.637118,
2.60251,
1.15649,
3.94035,
0.161726,
0.657822,
3.27131,
0.561615,
1.38593,
1.33197,
2.69394,
1.2648,
2.20314,
0.275934,
3.1198,
5.37633,
5.15859,
1.28414,
6.09012,
1.66666,
3.4853,
0.458534,
2.0672,
2.76105,
2.88577,
1.20798,
1.07011,
0.909336,
3.87074,
1.34836,
1.65587,
1.24581,
2.46022,
2.84662,
2.00058,
0.46043,
3.32985,
0.568687,
1.38398,
0.819371,
1.45777,
2.20739,
0.597616,
5.99365,
5.02573,
1.05674,
2.80498,
1.30712,
0.937006,
1.38148,
1.38304,
1.37019,
4.6831,
2.00658,
1.926,
3.83375,
0.282551,
1.35907,
1.31477,
4.03268,
0.463924,
0.882231,
4.91746,
1.99511,
6.64043,
3.43059,
0.936446,
0.658573,
3.572,
1.34331,
2.05914,
1.58004,
3.0116,
3.7427,
5.82989,
0.668403,
1.33528,
4.56614,
4.1453,
0.817116,
3.95943,
0.468509,
6.0377,
2.63651,
2.5462,
0.670298,
1.90527,
5.61563,
4.19092,
0.656175,
1.63856,
0.971587,
0.659375,
5.58351,
6.49677,
1.78137,
4.4522,
5.21723,
2.68904,
1.35794,
0.842011,
3.5464,
5.54203,
5.1409,
2.61569,
1.27707,
2.96728,
0.245444,
0.651753,
1.36513,
2.68065,
0.753887,
2.02984,
6.08872,
0.539511,
2.0309,
3.20998,
1.19854,
0.683799,
4.38374,
4.22916,
4.94365,
2.55618,
0.563148,
2.74662,
2.97049,
0.265426,
5.15871,
0.201292,
1.38254,
4.02831,
1.63401,
5.75676,
1.77819,
0.449158,
4.85837,
3.42691,
1.15123,
7.1976,
2.69856,
2.04265,
0.466993,
1.27246,
0.68457,
0.130857,
1.2246,
2.07805,
0.190577,
4.19464,
1.35059,
0.961579,
3.26238,
0.76906,
2.71025,
0.689377,
0.653103,
3.71951,
0.458007,
2.7117,
1.25656,
1.337,
1.81848,
2.04031,
4.0986,
0.281454,
0.36673,
0.966415,
1.76748,
2.63527,
0.675926,
1.27402,
1.59285,
5.76208,
6.9287,
0.570547,
1.35477,
3.76898,
0.284051,
6.84451,
1.89606,
3.89554,
1.58541,
0.687566,
0.26318,
2.37248,
2.93956,
3.83279,
0.445821,
1.95515,
1.56571,
1.91691,
3.30913,
2.00386,
0.676595,
4.25284,
3.40477,
1.26644,
5.56163,
2.67632,
1.92741,
0.654748,
4.99213,
0.687204,
5.29541,
0.622361,
4.8872,
0.684492,
5.72135,
0.115145,
5.09597,
0.97604,
2.59142,
3.99248,
0.669522,
6.53488,
0.569025,
0.373374,
0.124718,
2.06919,
4.86326,
5.0161,
3.45739,
1.99581,
0.466833,
5.50388,
0.628986,
0.693037,
0.688234,
2.99782,
0.656786,
1.82634,
5.1567,
1.29388,
1.36886,
1.36083,
1.74078,
4.13895,
0.661622,
3.82518,
5.24899,
1.22992,
2.39652,
3.32104,
0.628884,
1.37257,
0.654752,
0.448466,
2.31688,
2.63049,
0.867135,
0.949944,
0.561562,
1.94209,
4.96074,
3.49019,
1.93445,
0.564917,
0.563714,
5.29206,
2.5454,
4.63367,
1.7524,
1.64377,
0.238015,
0.689978,
4.01606,
1.97992,
1.30223,
2.70897,
0.184966,
0.51091,
2.88706,
0.412958,
0.903529,
1.38213,
0.198579,
3.77758,
0.907941,
3.28502,
0.677792,
1.97862,
3.45642,
0.693035,
1.38312,
2.33499,
0.632078,
1.36361,
0.683436,
0.453795,
1.63894,
2.70997,
1.38023,
5.68531,
1.36669,
6.65312,
4.97165,
3.40716,
2.72159,
4.67694,
1.96605,
3.53248,
0.516077,
1.31743,
2.59233,
0.624198,
0.668295,
2.02237,
6.51553,
1.10081,
5.49264,
5.04912,
2.06075,
1.1522,
3.92417,
2.65468,
0.627899,
0.920302,
2.04651,
1.37543,
0.47013,
0.789216,
0.66077,
3.33319,
1.37346,
0.891516,
0.464201,
0.789703,
2.96707,
3.26203,
0.687564,
3.43501,
0.624201,
0.69252,
0.633942,
1.93447,
3.17932,
2.71149,
0.406204,
0.268383,
0.620074,
0.622576,
1.97192,
2.69402,
0.677816,
0.503019,
1.66295,
3.49397,
0.924431,
6.95377,
0.979846,
0.608899,
2.04986,
2.12017,
0.123798,
10.2972,
3.33773,
1.23456,
0.541542,
1.29615,
0.775136,
3.60977,
2.75347,
2.17847,
0.218188,
0.631499,
0.636487,
0.277127,
0.575239,
3.45152,
1.71699,
0.568736,
2.06815,
0.115968,
3.43056,
0.564719,
5.03873,
0.676417,
0.660384,
3.06931,
0.592407,
0.158801,
0.241367,
3.64428,
0.220038,
6.37667,
5.51348,
4.27306,
1.64372,
0.72309,
3.13626,
0.432099,
4.98244,
4.48305,
3.80104,
0.621205,
0.205327,
0.374091,
1.15123,
1.21435,
1.63765,
3.34372,
2.55412,
4.93227,
0.816823,
1.85038,
0.632321,
5.31201,
4.27334,
1.35597,
2.69672,
0.0564302,
7.36655,
0.412465,
0.418106,
2.68728,
0.689864,
3.49705,
4.76903,
5.67753,
2.39328,
2.77123,
0.203912,
7.00451,
3.07001,
0.383748,
1.37094,
0.654913,
0.358714,
0.887801,
1.99227,
1.04921,
1.09199,
0.284433,
2.35147,
0.484201,
1.94611,
2.06928,
2.65795,
0.622953,
8.60697,
0.688982,
2.47875,
1.32523,
0.551365,
1.93445,
0.423006,
3.27729,
0.574788,
0.618051,
2.71101,
0.529218,
3.84661,
1.3629,
0.457833,
1.484,
6.45678,
2.07666,
0.67771,
5.82829,
5.34475,
3.15152,
0.460261,
0.975496,
3.40186,
0.447445,
4.5687,
1.32017,
1.62798,
3.59908,
1.13609,
4.90388,
2.66312,
0.238002,
0.487649,
2.74215,
3.28656,
0.677294,
1.08186,
1.64316,
4.78957,
1.37752,
1.79781,
1.30361,
0.690279,
2.15369,
2.70477,
1.35564,
6.55488,
5.81625,
1.362,
1.95337,
6.96813,
5.05331,
0.369415,
5.57773,
1.68737,
6.24165,
1.54565,
1.13841,
0.681887,
1.37594,
3.47481,
0.417076,
0.62209,
3.4454,
6.47168,
0.974373,
4.04121,
1.95575,
0.656813,
0.96373,
1.63177,
1.05167,
0.682771,
5.18645,
1.3739,
0.283978,
2.02369,
3.14751,
1.35665,
2.76039,
5.95012,
0.640157,
6.24171,
5.36687,
4.42326,
0.276876,
0.753559,
0.680822,
6.415,
0.399199,
0.468342,
1.01356,
1.35795,
0.684074,
1.04052,
0.353188,
5.18226,
2.0264,
2.56527,
2.52132,
1.63808,
4.24209,
0.657641,
1.28734,
3.80874,
0.682722,
0.95918,
1.39146,
5.25153,
1.35655,
0.662683,
4.00786,
1.37357,
0.621085,
0.663583,
0.372512,
0.409554,
2.04981,
0.102577,
0.940021,
0.600314,
0.678972,
2.87009,
0.122056,
1.26774,
1.36483,
1.2747,
0.67474,
2.24949,
1.60115,
1.99283,
2.68668,
5.55686,
0.658481,
3.71476,
0.465148,
1.36287,
1.38402,
4.4578,
2.62852,
5.44031,
3.32996,
2.71868,
2.49495,
2.06179,
3.40053,
2.04223,
0.459997,
1.48973,
0.239216,
2.04366,
2.73964,
5.5715,
1.12429,
0.277726,
2.92253,
3.35211,
2.00306,
0.57551,
1.65045,
3.42859,
3.17478,
2.95434,
3.86663,
0.683028,
0.572382,
2.37382,
2.25148,
4.82265,
3.97998,
0.282261,
2.40634,
0.674421,
1.40022,
3.27101,
2.57164,
0.485456,
1.3856,
3.99512,
1.29338,
1.32979,
3.82647,
2.06785,
3.7426,
1.33332,
3.40554,
2.05026,
2.57054,
0.414892,
2.24126,
0.444105,
9.12955,
1.77606,
1.2833,
1.15896,
8.29573,
3.84402,
1.65167,
1.64711,
0.0844091,
2.70611,
5.72505,
0.589662,
2.59488,
3.29409,
0.686462,
5.05609,
6.35929,
2.3556,
1.35668,
6.6301,
4.00515,
2.97644,
0.670798,
2.73527,
2.63816,
0.943151,
3.42564,
6.13116,
1.15224,
5.07131,
1.35736,
1.34301,
0.277989,
4.0286,
4.94995,
4.27704,
0.525781,
0.687639,
2.64018,
2.68013,
3.30081,
2.67602,
0.626275,
0.921386,
6.0937,
0.461284,
3.25628,
0.88144,
0.690473,
2.07198,
2.73926,
2.04,
0.566519,
1.15961,
5.065,
1.38042,
0.922618,
5.71683,
0.158079,
2.4713,
3.3515,
2.62591,
0.457082,
0.242296,
4.66099,
2.08529,
5.12793,
1.64839,
0.282045,
3.01853,
0.352145,
2.49234,
0.652847,
0.878777,
2.5204,
1.29993,
1.27255,
1.24889,
0.182706,
0.962249,
0.599221,
4.13491,
8.02367,
6.78027,
1.20721,
1.85061,
2.54793,
0.640751,
0.169114,
0.632389,
1.06377,
3.37626,
6.91719,
3.35445,
2.62319,
1.37551,
3.43268,
5.0755,
5.20682,
3.14039,
1.02694,
1.3772,
1.09823,
1.16477,
0.261491,
4.6031,
2.29081,
5.06941,
0.536513,
3.33075,
3.36542,
0.466496,
1.24917,
1.9412,
1.82198,
2.61696,
0.673788,
4.37578,
3.8045,
5.58707,
3.13373,
4.8855,
4.91136,
2.48253,
2.70278,
6.18972,
1.70523,
0.687751,
0.278253,
3.35259,
0.683726,
5.03185,
2.60648,
5.19645,
5.80571,
2.05512,
1.30083,
2.74043,
0.109744,
3.43376,
2.7254,
0.684166,
1.65373,
0.632004,
3.30444,
2.7011,
5.41792,
1.3801,
5.5213,
1.13764,
3.02193,
3.97392,
6.13454,
1.35701,
0.565663,
2.5706,
1.35133,
4.84446,
0.553317,
0.819564,
1.92869,
0.629,
0.501945,
0.367609,
3.40123,
5.57347,
2.5835,
1.35297,
3.85462,
3.30306,
3.86741,
1.36961,
2.45611,
5.16429,
2.00171,
2.04135,
4.37277,
1.31129,
0.677031,
1.74478,
0.653089,
0.463667,
3.45012,
0.673234,
0.688052,
6.02094,
2.68226,
2.24056,
0.676261,
0.872929,
0.468031,
0.605068,
1.36914,
0.688578,
4.93109,
5.96564,
2.39598,
0.658043,
0.574736,
5.04333,
0.946122,
1.777,
2.049,
2.05683,
0.678261,
1.05263,
1.76533,
1.1559,
6.59563,
0.275679,
4.99165,
3.26267,
1.31186,
0.439616,
5.92811,
0.187259,
4.24973,
2.07348,
1.87098,
1.38056,
1.93107,
2.50759,
3.3165,
0.514976,
0.447596,
3.2538,
1.29743,
1.14418,
0.680764,
1.26625,
0.627847,
2.27042,
1.15064,
2.34606,
1.59089,
1.36737,
1.13531,
0.96252,
8.13528,
0.282286,
0.607497,
1.37709,
0.635317,
3.00743,
2.75542,
1.93407,
3.35636,
0.930309,
2.91428,
3.46916,
0.369868,
3.28202,
3.34661,
0.203857,
3.53795,
1.73804,
0.27757,
6.35312,
5.10987,
1.63819,
0.528012,
0.128226,
1.84913,
6.49452,
2.03077,
3.7882,
3.68005,
0.692712,
0.458354,
1.93255,
3.06239,
1.06372,
1.58519,
2.06937,
1.37475,
1.83307,
2.76666,
0.46792,
1.3145,
0.45093,
0.596192,
6.04157,
2.32012,
0.670302,
3.88379,
0.0599971,
0.571411,
1.17392,
1.38147,
0.515974,
1.10077,
0.677432,
3.38665,
0.685115,
4.37174,
5.28189,
3.96184,
5.37596,
5.47038,
1.44957,
4.24974,
2.66643,
0.686022,
0.461063,
2.0379,
0.691694,
2.03071,
3.42867,
2.59213,
1.95266,
4.78533,
1.83386,
3.4971,
6.47965,
1.34235,
0.67592,
2.46096,
7.59123,
0.117854,
0.549634,
0.691,
1.26252,
0.278769,
0.681992,
2.93026,
1.45259,
0.540212,
5.62199,
1.94281,
0.199818,
0.260043,
1.03251,
1.93127,
1.04803,
0.652259,
3.4402,
0.63679,
6.62143,
0.666474,
6.98365,
1.89914,
2.38466,
2.00559,
6.55751,
2.70757,
0.4836,
3.03005,
3.40027,
3.27969,
3.37552,
2.07571,
2.54298,
1.22216,
1.80056,
5.08239,
2.60085,
3.59345,
1.37171,
0.6839,
2.97767,
2.04521,
4.40029,
0.937189,
6.17657,
5.65029,
4.14382,
0.957261,
1.03337,
0.65387,
0.976573,
0.451863,
2.01707,
2.00945,
2.0439,
5.01062,
0.922208,
0.689835,
2.71193,
1.26172,
4.05888,
5.02496,
1.14086,
5.09598,
0.968853,
1.38219,
2.07616,
1.56102,
0.404003,
3.479,
3.91718,
3.23102,
2.20813,
0.934825,
3.47412,
4.00687,
7.27544,
4.94977,
2.04175,
4.01418,
0.756696,
5.16245,
0.127161,
0.564377,
0.0124089,
2.5583,
5.38813,
0.236259,
0.276217,
2.06103,
4.64723,
1.35948,
0.466437,
3.2454,
1.7451,
5.88811,
0.45397,
0.653171,
9.02327,
0.821684,
0.674487,
0.660612,
1.75255,
4.27467,
1.7077,
0.795708,
0.624754,
5.99519,
1.37403,
0.692403,
5.7199,
0.417742,
0.557125,
3.91181,
1.15776,
1.21219,
1.92508,
1.35859,
1.35262,
1.27721,
1.32022,
1.32158,
1.36214,
3.00626,
0.650973,
3.87404,
3.69658,
2.06562,
1.94888,
6.09047,
6.54882,
1.93714,
5.72191,
5.15599,
1.32271,
2.50347,
5.73077,
2.82231,
0.365272,
2.05185,
3.34143,
5.25987,
5.19102,
1.1966,
1.28067,
0.528962,
0.218919,
1.13506,
3.40433,
0.626145,
1.94971,
0.692791,
0.966105,
0.685258,
0.647039,
1.37927,
0.569439,
0.689633,
0.611781,
0.552623,
2.57671,
5.2443,
2.71122,
4.07712,
2.58611,
3.26453,
2.69727,
5.54841,
5.17199,
1.14696,
0.970017,
2.53147,
3.11737,
0.684986,
1.11407,
3.46557,
0.41606,
2.07504,
6.50998,
0.462329,
0.678116,
3.09133,
4.17662,
1.34543,
0.648566,
1.19883,
1.37979,
1.12065,
0.457962,
0.268858,
1.2006,
0.673427,
0.548133,
4.56653,
0.361805,
1.16008,
1.38588,
4.20477,
2.82471,
0.180875,
1.254,
2.54046,
0.929024,
2.59929,
3.77062,
2.04582,
0.286374,
1.635,
0.459715,
0.97576,
2.72523,
0.591434,
3.35835,
2.74653,
1.31942,
0.812112,
0.180595,
1.34222,
3.06193,
1.30685,
3.33551,
1.95694,
0.566526,
1.36851,
6.00097,
0.933985,
2.48831,
2.05006,
0.629383,
2.14575,
0.237173,
4.01094,
3.78055,
0.604837,
4.12591,
0.628126,
2.02016,
2.83474,
2.07603,
0.469887,
3.89826,
6.81384,
1.2326,
2.75207,
3.33417,
1.78085,
2.70995,
2.31369,
2.3516,
6.52218,
5.90536,
3.60447,
0.279326,
5.83658,
0.460617,
3.88193,
5.07352,
1.96946,
2.66162,
5.29689,
0.206143,
1.6691,
4.5797,
2.74689,
1.3674,
1.36479,
0.138785,
1.31887,
0.664852,
1.36716,
2.28811,
3.7756,
1.32664,
2.02874,
4.92667,
2.0388,
3.96722,
1.84131,
4.89047,
3.11452,
2.04469,
2.19855,
4.03615,
5.42249,
2.05091,
3.77549,
4.16957,
1.38313,
0.567537,
5.76469,
2.02743,
0.687147,
4.16851,
4.63246,
0.464847,
1.33355,
0.114931,
1.56962,
1.38158,
1.38256,
0.663972,
0.568905,
0.542638,
1.92419,
2.76975,
4.96193,
5.58486,
0.611665,
3.92941,
5.03639,
0.630092,
3.35383,
0.693109,
1.37768,
2.078,
0.670839,
0.3879,
0.568177,
2.46954,
1.48862,
0.669595,
3.01782,
4.12505,
0.633897,
0.619845,
2.06175,
0.439624,
1.11474,
3.41174,
2.89762,
4.54095,
1.53696,
0.951915,
1.91745,
4.91221,
3.31228,
1.66337,
0.790152,
1.24791,
0.512324,
1.35655,
0.510665,
1.15491,
4.72618,
5.60808,
2.97908,
4.2373,
3.45828,
1.34238,
0.581078,
2.47921,
1.7732,
3.27307,
3.6992,
1.94637,
4.25911,
3.3975,
2.06933,
1.378,
4.43116,
1.35877,
2.96113,
0.195308,
1.95389,
4.60501,
5.0265,
4.84529,
0.667244,
5.24949,
0.572605,
1.36141,
1.96569,
3.53205,
1.95901,
0.888466,
0.684404,
0.286327,
0.669174,
0.258368,
1.81447,
0.690327,
1.35625,
1.28412,
3.52269,
2.00333,
1.99889,
2.52345,
0.549819,
1.92686,
0.683881,
0.960746,
4.66809,
0.612906,
1.12401,
0.439466,
1.95173,
0.804272,
2.07338,
1.2107,
1.09583,
0.648672,
4.6297,
2.00162,
2.70028,
0.914154,
0.278643,
1.36213,
4.77612,
1.37871,
0.125628,
5.35735,
1.06142,
1.38471,
2.27744,
1.35555,
4.46209,
2.03562,
2.30788,
1.10623,
1.07842,
0.401838,
2.70854,
2.61227,
2.00394,
0.206101,
0.647472,
3.20002,
3.797,
1.94803,
2.07383,
0.660166,
3.55074,
3.88507,
5.14847,
5.95244,
1.34585,
5.56306,
0.882642,
5.17993,
0.325279,
2.62994,
1.36622,
2.0453,
2.02433,
0.46115,
1.72956,
1.93824,
3.42978,
1.36161,
2.51787,
6.14467,
2.74869,
0.691003,
0.345882,
5.95092,
4.70216,
0.416802,
2.04419,
1.22085,
2.75055,
2.00671,
6.90393,
3.36685,
0.680501,
1.5889,
0.622991,
7.54874,
0.0423854,
0.410248,
0.883681,
1.35708,
1.38302,
2.06522,
3.64965,
1.7431,
2.29998,
2.66264,
4.20897,
0.647472,
2.32944,
0.682549,
0.666521,
5.87601,
3.52887,
2.53072,
1.36513,
6.52738,
4.06995,
0.245707,
0.648467,
1.1607,
0.923615,
3.02265,
1.1588,
4.81345,
2.71794,
1.15513,
2.87526,
0.679644,
0.281037,
0.260735,
2.95575,
2.55922,
3.58379,
3.42763,
1.66683,
2.33041,
0.514682,
3.52125,
0.677828,
0.922162,
0.238371,
5.5454,
6.40567,
4.85548,
3.30087,
0.623922,
2.06805,
0.165692,
1.66881,
1.65755,
0.132747,
1.87568,
1.66871,
1.51695,
0.277712,
0.809494,
3.51355,
0.277896,
1.36475,
1.25573,
5.01797,
4.8142,
0.207233,
0.437156,
0.0416393,
0.948749,
5.30222,
3.07429,
1.14891,
3.9415,
3.8407,
1.66929,
2.08966,
3.6211,
1.87262,
2.04939,
2.65859,
3.5793,
2.62748,
1.98716,
4.98114,
1.30486,
5.14121,
0.659461,
0.272702,
3.40829,
1.36886,
2.07711,
0.966925,
1.77736,
3.22625,
6.51935,
0.553514,
1.2469,
1.9965,
0.962041,
2.58552,
3.36639,
0.462164,
2.49979,
1.5735,
2.25514,
0.678321,
0.490438,
5.11131,
4.98328,
1.82419,
1.06462,
0.615818,
2.72269,
0.678876,
0.661675,
1.79894,
4.0218,
4.29414,
5.55122,
3.30887,
1.70383,
0.561974,
1.6517,
0.279753,
3.03689,
5.83898,
2.03512,
0.56861,
0.353437,
0.466207,
1.13258,
5.42101,
0.689848,
0.444299,
0.131372,
0.667216,
2.04738,
4.99962,
3.48731,
2.69233,
0.394612,
0.576888,
1.91541,
1.32123,
1.14179,
4.40487,
5.40077,
5.26233,
2.7321,
4.75725,
2.69485,
5.10785,
1.99494,
0.525163,
1.57805,
4.11501,
1.868,
4.3972,
1.85017,
5.75055,
4.21775,
4.00989,
6.32143,
0.671106,
2.01655,
4.19853,
4.93223,
3.33978,
2.07199,
1.35573,
3.75852,
3.26725,
1.26485,
3.94124,
1.56349,
3.84277,
2.33724,
1.81535,
2.7298,
0.281664,
3.03741,
1.45596,
2.73395,
0.961227,
0.69016,
2.03968,
3.4246,
1.31102,
1.82794,
0.282314,
0.444226,
3.28615,
5.25735,
0.245878,
2.5723,
3.99285,
0.469537,
1.83109,
1.36878,
4.6509,
2.24437,
3.80145,
3.46045,
0.658213,
0.648017,
6.0541,
1.35723,
3.98175,
1.16384,
2.92907,
0.628439,
1.19558,
0.980294,
3.42227,
1.24599,
3.25479,
3.44379,
4.16467,
0.574151,
0.671294,
0.321619,
0.544357,
0.664244,
1.37551,
1.9881,
3.31038,
0.458252,
0.432224,
3.38159,
5.95766,
6.4722,
3.42411,
5.06216,
0.686712,
2.3649,
0.519087,
2.76181,
2.18336,
0.663381,
0.116148,
5.11957,
0.448004,
0.925156,
3.74375,
3.75731,
0.642058,
3.82115,
1.09107,
1.3081,
1.22065,
2.9484,
2.04953,
2.0388,
2.39043,
1.25576,
3.7899,
1.84249,
2.66821,
0.678725,
5.12804,
0.631328,
4.91538,
0.628087,
1.15162,
1.65554,
0.680361,
1.81778,
2.00984,
1.49364,
3.34274,
0.483837,
1.18537,
5.04495,
0.287,
3.34403,
0.467375,
1.66668,
1.72365,
6.98959,
1.90968,
5.39837,
0.896129,
2.34936,
1.36684,
1.74123,
4.87976,
1.35637,
0.450874,
0.279701,
1.37028,
0.68174,
0.679594,
5.53627,
3.71307,
0.62252,
1.29779,
0.499662,
0.445544,
3.45839,
6.03485,
3.6981,
3.38243,
2.05797,
3.14777,
2.81016,
1.58287,
2.51583,
2.7977,
1.37956,
1.3021,
4.2013,
0.683349,
0.424074,
1.30601,
2.32887,
3.43629,
5.49673,
1.28766,
2.29293,
0.680722,
1.37676,
3.01606,
0.68395,
4.1232,
2.74474,
4.98046,
0.667836,
4.2448,
4.88536,
2.9924,
5.167,
2.70369,
2.97498,
1.95881,
1.33165,
1.49285,
2.0374,
0.274168,
3.44022,
2.46789,
3.28115,
0.61867,
4.60921,
0.952353,
1.36503,
0.436306,
0.571692,
5.31726,
3.87118,
1.65661,
1.82891,
1.16133,
5.30067,
4.20205,
1.26544,
5.65178,
1.82658,
4.92276,
0.68853,
5.61692,
1.46575,
0.655385,
1.35323,
4.70973,
5.81915,
5.18625,
0.690234,
5.03197,
2.5979,
1.37524,
0.1255,
2.69964,
2.07813,
1.37665,
2.28735,
5.26161,
3.95146,
5.81221,
5.85164,
1.63433,
4.43238,
1.61708,
2.29442,
1.37991,
6.15297,
1.72054,
3.00322,
3.01541,
2.85589,
1.13916,
1.3102,
1.12573,
2.31882,
1.28948,
6.24555,
0.19907,
0.961224,
0.970458,
1.97246,
1.24134,
2.6615,
5.67587,
1.14623,
4.88094,
7.91874,
1.42348,
0.876025,
3.95536,
5.36434,
1.3583,
2.72268,
0.333948,
3.94303,
0.882592,
1.83169,
3.30364,
0.776949,
1.35947,
0.795511,
1.07899,
0.587343,
2.02045,
5.28344,
1.36359,
2.81506,
0.989953,
3.4228,
2.57848,
8.43986,
3.08159,
0.63485,
5.1723,
0.425971,
0.689947,
1.37599,
2.77099,
0.201233,
0.0101516,
3.43096,
0.974869,
3.26713,
2.59597,
0.686873,
2.85632,
1.26792,
0.607945,
1.76887,
1.35981,
0.951438,
2.63268,
0.751877,
0.690257,
1.37112,
0.689832,
0.284306,
2.1638,
4.49508,
1.32566,
1.35439,
1.90347,
0.25895,
4.464,
1.55638,
3.00817,
2.06003,
0.827147,
0.626121,
1.27243,
0.411904,
0.533082,
2.76464,
0.934694,
1.36171,
3.96695,
0.683903,
0.5626,
0.684326,
3.38926,
0.610572,
2.04584,
5.22222,
2.53858,
1.02974,
0.692793,
4.38322,
0.62025,
0.79834,
6.46133,
1.38456,
1.64609,
0.345658,
0.9326,
3.29257,
0.484618,
1.18964,
0.643602,
1.33515,
4.94014,
1.19474,
5.21073,
5.47995,
7.55574,
1.36917,
6.11286,
0.43507,
2.71583,
4.61603,
4.13018,
3.26831,
0.462218,
1.68214,
5.15646,
6.868,
2.58563,
2.60145,
0.254631,
0.459368,
0.497574,
3.40701,
1.78402,
1.73027,
1.94234,
2.63571,
0.283718,
0.257802,
4.52795,
5.09424,
0.967901,
0.775543,
0.276232,
0.806815,
0.679668,
1.25968,
2.05418,
5.03888,
0.0238349,
3.3529,
6.37151,
4.56302,
1.36396,
2.0472,
0.688908,
3.08808,
0.642247,
1.37608,
4.27698,
1.3401,
1.51855,
4.15483,
3.55256,
4.94976,
4.91868,
6.55051,
5.58566,
0.457907,
1.25144,
2.34556,
5.3209,
2.67465,
3.35974,
0.573606,
1.57776,
0.269283,
2.5993,
0.657031,
1.90028,
2.59276,
5.19218,
1.14716,
3.01734,
2.9316,
2.4685,
1.49795,
2.65496,
0.550328,
2.66199,
1.2106,
1.34524,
0.537651,
1.32377,
2.69996,
1.0619,
3.29788,
0.393453,
5.00211,
0.230614,
1.5812,
2.26093,
1.34347,
4.91194,
2.07282,
0.633218,
0.486123,
5.17896,
0.69108,
0.619644,
0.685645,
6.02448,
6.59141,
1.6586,
0.777455,
1.94172,
0.379073,
1.3848,
0.680576,
2.6175,
0.656904,
1.30609,
0.372492,
0.261252,
0.279436,
1.32427,
1.8183,
1.83416,
3.44851,
2.58837,
1.25718,
0.197078,
1.59533,
2.73172,
0.269602,
0.365479,
0.55287,
2.06346,
1.65082,
6.906,
0.205327,
0.555366,
3.00628,
2.481,
1.10259,
2.02707,
2.77029,
0.340592,
2.70287,
4.99582,
1.923,
0.688595,
0.556637,
3.91762,
0.898192,
0.640005,
0.688776,
3.20426,
4.2497,
1.65569,
3.40674,
0.622466,
5.33627,
1.14547,
0.82562,
5.43445,
3.84744,
0.27636,
0.662772,
2.75935,
0.974546,
1.33778,
4.21356,
3.82469,
1.20081,
2.02005,
0.970311,
0.948543,
0.660041,
0.137969,
2.9072,
3.85986,
3.25481,
3.40653,
4.37397,
5.39283,
2.6685,
1.72878,
0.684408,
2.54452,
1.35675,
4.48646,
1.25066,
0.5953,
3.42229,
1.34427,
0.665056,
4.90758,
3.92646,
1.38448,
3.60746,
2.67572,
0.682183,
1.6607,
5.07102,
1.38463,
1.38268,
2.41762,
0.245591,
1.83032,
1.80143,
0.68912,
6.17774,
0.443322,
2.86966,
0.923172,
3.74292,
1.60854,
0.0283126,
0.678152,
1.8238,
0.647884,
0.461253,
3.34349,
0.55461,
2.04314,
0.0627054,
1.82541,
4.48615,
3.2717,
2.75382,
3.39395,
3.28726,
0.6473,
5.0088,
1.25383,
2.0436,
4.43394,
2.01704,
6.72892,
0.516531,
3.334,
6.06912,
0.0502995,
3.27001,
1.32594,
2.72426,
5.39063,
0.372427,
3.84836,
2.05581,
2.75018,
2.53045,
1.81832,
3.7517,
5.01684,
0.689319,
0.745014,
1.51127,
0.284164,
7.7122,
1.64376,
3.38653,
1.59573,
1.37726,
1.79416,
0.973663,
0.343808,
1.32076,
5.36308,
5.07835,
0.615852,
1.25769,
1.30232,
0.61997,
3.80254,
0.68382,
2.07896,
7.02331,
0.678991,
2.07762,
0.551585,
1.66108,
3.35178,
2.65424,
3.4837,
0.81554,
1.35419,
4.08465,
6.97154,
1.85663,
4.25393,
1.32837,
2.52061,
0.648218,
0.281498,
3.28087,
1.14195,
3.7867,
2.62635,
2.28208,
0.692818,
1.08961,
1.38599,
3.01028,
0.126903,
2.72232,
0.930387,
5.32554,
8.50374,
1.30167,
0.816595,
5.23441,
1.20571,
0.341272,
1.77892,
4.20313,
2.57151,
3.39012,
0.268099,
1.49191,
0.548833,
1.9586,
1.31186,
1.5983,
3.75799,
0.371133,
1.55912,
1.7456,
0.278591,
2.21848,
8.57073,
3.2637,
3.99387,
3.90928,
3.42268,
8.31023,
0.618312,
0.448257,
1.86999,
0.321995,
2.64671,
3.11171,
5.3117,
0.685959,
3.52561,
0.253553,
0.574207,
0.562649,
0.348982,
1.92143,
1.50089,
5.31275,
3.90137,
0.61485,
0.688883,
5.25794,
1.2986,
0.620284,
3.75969,
0.640382,
1.63974,
4.07172,
3.06606,
4.62632,
0.404426,
4.93618,
0.281424,
0.80349,
4.31357,
4.38779,
0.686087,
2.35885,
0.568897,
4.25281,
2.74074,
0.663464,
4.05776,
0.175761,
0.541917,
5.16026,
3.81962,
5.83081,
0.659353,
3.25513,
2.65872,
0.229737,
0.45936,
1.37924,
1.26578,
0.415684,
0.627928,
0.463749,
5.58122,
0.405641,
4.86285,
1.35461,
2.35029,
5.9373,
1.35913,
0.264907,
5.24301,
0.590542,
1.78069,
1.92138,
4.8723,
4.35034,
2.75319,
3.53772,
5.62596,
0.370557,
1.36177,
1.10743,
1.3229,
2.46533,
0.191829,
1.38102,
2.03222,
5.93509,
0.285238,
7.12975,
1.37996,
2.07931,
6.27631,
6.341,
4.13712,
2.5268,
4.02811,
5.14093,
2.04978,
0.687938,
1.15932,
3.77483,
4.49784,
1.25671,
3.31798,
3.67628,
4.89533,
6.51972,
1.30119,
2.48149,
0.207069,
1.36143,
1.37563,
1.0998,
0.436661,
5.84987,
1.59897,
4.7278,
1.95646,
4.25276,
3.17063,
0.286257,
5.51896,
2.45139,
0.282066,
3.40092,
0.230705,
0.965889,
1.35205,
4.73793,
0.126999,
0.364791,
2.49297,
0.448471,
0.13202,
2.58493,
0.202372,
0.686133,
0.966668,
1.36504,
0.691228,
0.647705,
1.3628,
3.08321,
0.570565,
3.9205,
0.817479,
0.648538,
5.63519,
0.650874,
2.67474,
7.96691,
5.49479,
1.06196,
1.10178,
0.964907,
1.56958,
2.6882,
1.21172,
2.0754,
3.89686,
1.85596,
0.692897,
3.12358,
1.97625,
3.29118,
1.22387,
0.821566,
0.355099,
5.25996,
0.660449,
5.08473,
1.12009,
0.58309,
2.72632,
4.37553,
2.29838,
5.7199,
0.280547,
5.30813,
0.975813,
1.97862,
1.81093,
0.469375,
5.04224,
0.57233,
1.37598,
1.35655,
0.680285,
4.20505,
6.06,
3.38442,
2.55719,
1.79684,
2.35419,
3.26866,
1.14499,
1.15986,
7.28907,
1.1409,
2.29975,
1.36228,
0.658733,
0.762362,
5.25515,
2.02681,
2.65911,
5.48471,
3.50036,
1.76645,
6.85791,
0.459374,
3.41136,
1.25025,
2.54838,
0.970688,
3.07502,
5.05615,
2.22824,
0.632494,
1.33136,
6.14368,
1.37408,
1.36279,
0.111497,
0.466948,
5.36252,
4.43797,
2.31722,
8.02169,
0.682409,
5.18539,
0.961939,
8.19793,
3.83801,
2.46782,
2.17885,
0.604129,
1.32701,
3.93249,
3.24279,
4.49606,
1.77803,
5.76544,
1.47029,
0.53755,
1.92181,
0.343588,
2.0079,
0.245524,
3.70933,
2.72009,
0.692195,
1.24304,
0.622366,
5.20556,
4.78061,
0.450469,
3.83516,
1.36214,
0.645468,
0.935408,
6.29668,
5.02248,
0.185767,
0.57312,
0.0865037,
0.0803541,
5.16369,
4.89614,
2.73879,
0.668065,
0.678426,
5.03743,
2.02981,
2.05504,
3.79558,
0.442792,
1.3037,
3.85736,
1.35161,
5.0929,
0.672433,
0.656157,
2.54408,
2.83852,
5.36973,
1.28954,
0.665866,
0.261787,
1.26639,
0.498124,
0.944207,
0.650046,
0.509577,
1.35116,
3.34937,
0.6245,
0.280702,
5.85808,
4.00112,
4.9255,
2.05631,
1.84699,
3.48651,
4.02026,
0.467121,
5.29752,
2.05735,
0.930013,
1.36784,
0.460407,
1.81851,
4.95552,
4.07446,
0.56333,
3.52607,
0.939106,
0.94446,
6.33401,
1.37373,
0.776207,
0.967722,
0.775729,
0.687629,
5.07589,
2.57845,
5.18136,
3.38334,
6.6445,
2.30939,
4.33583,
5.24362,
5.39167,
0.68397,
3.9824,
1.63492,
0.976014,
0.851161,
1.24161,
3.08439,
0.686214,
5.55359,
5.03457,
1.88387,
0.792643,
2.62086,
3.35775,
3.17065,
2.48331,
1.15611,
2.7232,
3.36047,
0.88506,
1.88969,
0.234794,
2.34853,
4.51477,
2.86154,
1.35576,
1.14951,
1.77992,
2.71128,
4.54273,
0.636116,
0.282171,
0.438361,
2.73871,
0.257576,
0.561416,
2.42549,
3.4106,
0.206205,
0.20563,
0.464112,
5.31561,
3.41253,
2.52534,
1.16178,
1.38454,
5.06279,
5.26887,
3.47544,
3.76948,
3.00473,
4.95314,
3.63696,
0.651216,
0.896256,
0.661091,
5.83116,
2.03353,
4.01761,
6.2927,
5.73719,
0.602652,
0.279963,
1.15783,
3.8968,
0.673026,
5.95858,
0.489385,
2.50418,
3.95718,
0.128563,
2.6162,
1.20574,
2.69036,
0.469254,
2.05696,
2.58328,
0.308233,
3.91639,
0.682958,
3.72803,
0.539265,
1.82625,
0.550655,
0.602868,
0.269391,
2.49138,
3.22599,
0.13408,
3.80755,
3.29504,
4.94209,
1.30389,
5.94594,
2.30157,
5.08249,
0.258249,
2.13779,
4.59746,
4.74062,
4.89174,
1.36316,
2.7091,
3.33841,
0.684542,
2.3628,
3.26462,
1.91683,
1.62598,
4.13607,
3.40133,
5.24098,
1.82568,
3.21588,
4.87279,
0.56863,
1.30684,
4.06853,
0.200271,
0.0863633,
2.36492,
1.95926,
1.24003,
0.461253,
4.92878,
0.454682,
2.26538,
0.908357,
2.47041,
0.45652,
0.525809,
1.32496,
2.03768,
5.68794,
1.32937,
3.43082,
2.72733,
2.02997,
0.662403,
3.41741,
0.66788,
1.34132,
1.95568,
2.72567,
4.71624,
0.978411,
1.30858,
1.80835,
0.166673,
1.37282,
0.914226,
1.79653,
1.33899,
0.685723,
3.19478,
0.670141,
4.15611,
1.34796,
6.46238,
0.00858517,
0.579191,
1.27525,
0.378069,
1.24609,
5.12629,
1.98184,
0.423788,
4.2475,
0.461867,
1.66822,
8.67979,
5.35545,
10.4738,
0.598159,
2.35899,
0.685961,
0.775228,
5.6799,
4.37054,
1.15568,
1.33487,
0.498364,
2.05377,
0.604082,
5.14686,
0.675676,
4.01196,
3.45273,
4.19272,
2.04145,
0.939596,
5.79982,
2.53738,
2.52943,
4.03107,
3.44316,
0.257809,
4.08678,
5.97774,
3.44423,
0.686745,
5.29166,
3.85614,
0.683283,
0.465274,
0.620407,
4.67958,
1.36155,
1.37762,
1.85519,
3.27381,
0.665219,
3.74063,
2.04256,
0.573255,
0.541741,
0.677891,
0.63364,
1.24669,
6.11438,
1.3552,
1.2446,
0.686736,
5.37246,
0.372002,
4.25858,
0.259914,
3.55596,
3.43126,
5.42942,
2.00836,
1.38061,
7.10975,
0.972963,
0.691265,
1.34579,
3.09239,
4.52953,
3.25802,
5.55527,
5.56379,
4.53983,
0.423087,
0.466635,
4.06058,
2.71238,
2.65507,
3.29422,
1.65414,
3.51538,
4.97986,
0.975786,
1.94212,
5.58221,
3.40259,
0.65077,
2.46967,
0.132623,
0.555699,
0.468172,
1.13107,
1.19866,
3.7478,
3.43734,
0.287615,
5.41911,
0.574205,
1.33425,
0.974986,
2.95358,
1.15223,
4.64734,
1.31997,
0.762726,
1.56579,
0.458401,
0.515068,
7.137,
5.32371,
2.47938,
0.511427,
4.93365,
1.77095,
6.80743,
0.363171,
2.03722,
1.16185,
3.67781,
1.66491,
1.14333,
0.561581,
3.13834,
3.11415,
0.677693,
5.29747,
1.36392,
1.64397,
0.484923,
2.25321,
2.68631,
3.15248,
0.682531,
3.05594,
3.30577,
4.27245,
0.366127,
2.01138,
1.91664,
4.42031,
2.06344,
1.43896,
1.66395,
0.572484,
4.41472,
0.219893,
1.99708,
1.20941,
2.76596,
1.63421,
0.594249,
1.31952,
1.94536,
0.650801,
7.49849,
7.23397,
4.135,
2.01993,
4.08224,
0.275768,
2.40491,
0.115632,
2.02475,
2.07707,
0.971872,
1.92711,
3.29229,
1.16098,
0.603209,
0.688658,
1.31686,
0.615007,
3.27771,
3.25723,
3.35824,
0.0241571,
3.46365,
0.44817,
2.06253,
4.44625,
7.73501,
0.419342,
0.968056,
5.58656,
2.1454,
5.04214,
1.36231,
3.11328,
7.21548,
4.86495,
5.18969,
0.6323,
6.60763,
2.75629,
1.37852,
0.373511,
1.38454,
0.515925,
0.543367,
0.660428,
3.88515,
0.321808,
0.664181,
0.121972,
1.36046,
4.55886,
1.67177,
1.82695,
3.35393,
0.690609,
3.26181,
0.634646,
0.272479,
5.66547,
0.545016,
0.861741,
5.83061,
3.79568,
4.76226,
0.679845,
1.15639,
0.656442,
1.64126,
0.680565,
2.35937,
1.16177,
0.873061,
3.45551,
5.90775,
0.652082,
5.03844,
0.279777,
4.61545,
1.55648,
0.678477,
0.659493,
0.64332,
2.68724,
5.18942,
2.04581,
1.16154,
7.99404,
0.492098,
5.54016,
0.287044,
5.57621,
4.65563,
1.96263,
2.01416,
9.07557,
1.32791,
0.787422,
0.681014,
0.68945,
3.43817,
1.66487,
4.83646,
5.6298,
0.97494,
2.71738,
2.05486,
1.36218,
0.508713,
1.35755,
3.46073,
0.682312,
1.72333,
2.94167,
2.74361,
2.57781,
0.636778,
3.42832,
1.02527,
7.55988,
1.36202,
0.888311,
1.37858,
4.18584,
3.36691,
0.618836,
2.39794,
4.98592,
4.33435,
0.678195,
2.65817,
4.20337,
3.2636,
0.281439,
2.62042,
0.817582,
0.858307,
5.01307,
0.211134,
0.666916,
0.282778,
0.616193,
3.24889,
1.23457,
3.39649,
0.686446,
6.48947,
3.67594,
2.56559,
2.89792,
2.17917,
1.37598,
5.79741,
1.32264,
2.0306,
1.59747,
1.97788,
2.70712,
0.545183,
1.31068,
1.96093,
0.625844,
3.61521,
0.440302,
0.97624,
4.77537,
5.45243,
2.30456,
0.669166,
1.48579,
4.87203,
3.80146,
0.604816,
5.1097,
0.434727,
0.654306,
5.89021,
2.03189,
3.87068,
6.18476,
0.266854,
0.570317,
0.680736,
1.25313,
5.53899,
2.18901,
0.661282,
0.654999,
5.15524,
7.46858,
0.266428,
3.29658,
0.399323,
1.10234,
0.444262,
0.559948,
0.620237,
1.24506,
4.94058,
1.35593,
5.63484,
0.963516,
2.49751,
2.2363,
1.73828,
0.401346,
0.162133,
5.33333,
4.25613,
0.115228,
5.34642,
4.59657,
0.349492,
2.30931,
1.35616,
2.02115,
2.12879,
3.38416,
4.83685,
4.75645,
0.524028,
0.563396,
3.84735,
4.72715,
2.99291,
0.24421,
6.04081,
1.97697,
1.34399,
1.3826,
0.670511,
3.37233,
5.3824,
2.04724,
3.50482,
0.416462,
0.961637,
0.679685,
2.77103,
4.95426,
6.47199,
2.95067,
2.04835,
2.03984,
6.52235,
1.63901,
1.38158,
0.96974,
0.690808,
0.683047,
7.58257,
1.31955,
3.42738,
4.55011,
3.44135,
1.27487,
2.35644,
4.96631,
0.261938,
2.53805,
0.993051,
6.26048,
3.47816,
0.684046,
0.3918,
3.32302,
1.64059,
0.285708,
3.24137,
2.47833,
4.47512,
1.15329,
2.05477,
0.166551,
0.682378,
0.468379,
5.43003,
0.676549,
0.45912,
1.1547,
0.281734,
1.1387,
1.98943,
0.928852,
7.28503,
3.40587,
0.501323,
1.63558,
2.74186,
1.54957,
1.31467,
0.684257,
0.271345,
7.05626,
2.30978,
5.93294,
2.45306,
1.25657,
2.03913,
1.21051,
0.0905462,
1.10193,
1.81454,
4.68966,
5.46954,
0.206833,
4.01348,
1.25799,
0.805476,
0.442416,
0.626412,
0.621001,
1.38306,
5.65974,
0.878243,
2.68572,
3.24022,
3.3039,
0.601004,
1.62608,
0.286873,
2.06207,
0.244664,
3.26987,
1.63544,
4.67586,
2.9928,
4.49851,
0.971416,
4.93629,
0.61489,
4.3337,
0.946303,
0.196433,
2.07167,
6.03628,
2.07825,
1.33767,
1.73151,
0.973107,
0.692365,
2.88118,
1.26452,
0.45849,
4.77655,
0.46698,
6.3719,
0.681668,
3.2543,
3.2228,
5.52281,
4.01021,
2.02843,
0.23793,
0.682296,
1.31757,
0.573605,
0.551627,
2.50996,
4.32256,
2.06684,
1.10576,
0.967686,
3.37193,
3.10134,
1.24954,
3.11214,
2.64599,
4.41852,
4.78778,
0.277242,
1.37386,
1.66809,
2.76102,
2.66473,
1.30392,
2.06734,
1.18943,
0.936213,
1.08336,
2.02194,
0.664096,
4.12108,
1.3629,
2.04941,
2.5396,
4.2824,
1.92413,
0.287199,
3.41115,
1.3764,
2.02826,
1.82291,
2.58052,
0.205145,
2.49436,
0.608432,
1.97859,
0.681423,
2.43365,
2.72716,
5.53711,
2.34969,
2.72921,
2.02935,
0.514931,
1.37797,
1.64468,
3.57535,
3.37406,
2.31459,
1.35421,
2.55069,
0.689999,
3.40918,
7.67557,
1.35001,
0.658875,
8.21497,
0.223593,
2.36633,
3.28873,
1.37634,
1.94355,
4.65642,
1.80083,
2.05232,
1.4489,
3.25973,
1.38351,
0.571588,
2.73459,
0.637338,
0.691052,
1.36716,
0.677225,
1.14381,
2.36881,
3.92264,
1.27749,
2.05979,
4.15317,
5.10683,
1.72205,
4.3628,
1.96682,
1.71731,
3.39266,
0.346471,
1.50915,
1.32678,
0.674451,
1.36619,
1.59789,
5.53443,
5.06154,
0.948465,
2.03889,
0.969942,
0.606547,
3.43969,
1.84311,
0.177775,
8.54506,
0.365359,
0.692868,
0.751876,
3.34627,
0.595506,
3.93007,
1.36497,
1.6711,
1.36425,
4.39116,
5.73842,
1.70161,
0.688712,
2.61438,
0.54734,
1.37361,
0.405138,
0.686671,
1.15928,
1.24836,
0.568533,
1.08435,
3.44499,
0.976746,
2.07327,
1.8567,
3.44768,
3.35881,
3.91823,
0.659471,
1.76097,
5.45159,
1.85034,
1.317,
4.39105,
0.682884,
5.1306,
0.484663,
4.91679,
1.24171,
4.20037,
2.50523,
0.589895,
1.98866,
2.04152,
3.25854,
3.63955,
1.86819,
1.02657,
1.96195,
0.878134,
2.6324,
5.9654,
1.35743,
2.46863,
2.21183,
0.689394,
0.269004,
1.362,
3.07964,
1.94381,
2.68517,
1.7209,
0.39766,
1.98699,
0.461858,
1.64504,
1.38092,
0.372503,
0.373589,
5.01229,
0.826575,
0.495141,
0.689609,
2.04917,
2.0905,
1.6067,
3.29846,
2.44337,
0.274391,
3.29857,
4.23945,
2.315,
4.03188,
0.961758,
3.10171,
7.63826,
5.39418,
0.516392,
3.10888,
5.5043,
4.62142,
0.959915,
5.62749,
2.01415,
0.467896,
0.683041,
0.467868,
1.4334,
3.32348,
1.35773,
0.65043,
5.32579,
0.0509004,
3.9556,
2.58294,
3.08199,
3.00665,
0.644617,
0.814878,
1.36043,
0.663181,
4.30099,
4.92158,
0.977698,
1.37532,
3.10206,
1.35887,
0.557543,
1.04659,
0.467387,
0.659125,
2.53584,
1.71034,
4.01471,
0.62247,
1.21505,
4.06656,
5.83274,
1.93225,
1.2527,
1.98815,
0.658029,
2.03353,
0.870497,
1.09292,
1.05142,
7.38732,
3.34047,
2.63824,
4.26386,
0.465692,
1.24615,
2.18251,
1.14373,
0.405854,
0.197809,
1.3792,
0.254915,
2.07445,
5.75101,
1.98013,
0.678594,
0.280582,
2.05076,
5.19164,
1.73115,
2.75227,
0.574333,
0.281416,
5.28873,
1.30922,
1.31087,
1.3412,
1.85084,
2.03863,
1.14276,
2.07577,
3.22639,
5.15992,
1.25762,
0.275833,
0.66405,
0.652569,
0.279852,
6.52067,
3.267,
0.631999,
4.15796,
0.338938,
1.35862,
7.6777,
1.91032,
0.287323,
5.59019,
2.95836,
4.44723,
0.553054,
3.29729,
2.76649,
1.65037,
5.14558,
3.27342,
2.01399,
1.93891,
0.618801,
0.29235,
2.54727,
6.82669,
3.35394,
4.06307,
0.200385,
0.287342,
0.917872,
1.16227,
0.466424,
1.48709,
5.19583,
3.52709,
0.286082,
4.71454,
5.18221,
6.43146,
1.82111,
7.83068,
4.87584,
5.45801,
0.564043,
0.609203,
2.55432,
5.80622,
3.61658,
0.0498881,
5.81205,
3.04206,
1.15131,
0.438669,
0.539776,
0.609992,
5.17076,
6.14807,
6.36825,
3.0955,
7.08594,
0.661935,
1.31535,
2.35575,
1.2474,
4.71506,
5.20709,
1.32724,
1.28444,
2.88714,
2.05049,
2.76771,
1.24731,
2.49134,
0.46171,
1.98601,
4.99495,
3.42117,
1.2454,
5.26867,
1.35339,
7.0396,
1.36243,
3.94833,
2.82811,
1.92678,
2.07145,
1.38423,
2.99372,
1.58186,
1.76131,
0.944903,
3.33483,
2.9338,
0.248528,
1.05233,
4.92873,
3.26836,
3.20778,
6.06646,
4.57365,
3.28751,
3.67194,
2.60691,
2.66698,
1.38426,
1.3784,
1.85213,
1.12915,
5.01756,
0.808136,
4.56878,
0.0573766,
1.2482,
1.90388,
1.31329,
1.15518,
1.85239,
0.511877,
1.29763,
0.600352,
1.9969,
2.29644,
1.27981,
4.30802,
5.12451,
1.94958,
0.661066,
0.536272,
2.78846,
1.33297,
1.15608,
0.458029,
4.29238,
0.809581,
0.512583,
0.243784,
4.37631,
1.34544,
0.882865,
1.3808,
2.39272,
1.31272,
0.432533,
4.45509,
0.687226,
5.36646,
4.87135,
0.341961,
0.485476,
5.45448,
0.570143,
4.75716,
0.168508,
3.31213,
5.52448,
0.968322,
0.891955,
1.15267,
0.555254,
2.55931,
2.72968,
2.03086,
0.641393,
4.94198,
1.26684,
1.56221,
1.24911,
2.19731,
1.5148,
2.25308,
2.20137,
3.21061,
6.0735,
1.15483,
1.23126,
1.32198,
1.35853,
1.89302,
2.75857,
2.73218,
0.518137,
1.85081,
1.38153,
1.38246,
1.35791,
0.279843,
0.593553,
6.5224,
0.132746,
0.172113,
0.559415,
0.287424,
2.01749,
2.94208,
5.21287,
7.46253,
2.63395,
5.81247,
5.56038,
1.36114,
5.09753,
2.32676,
5.25421,
0.888697,
0.45271,
0.416246,
6.56038,
2.15506,
0.558887,
5.48681,
5.30139,
1.29201,
4.24238,
2.16512,
1.54848,
2.72789,
0.464975,
2.69501,
0.762283,
4.89343,
0.287636,
3.72048,
0.37615,
4.01159,
3.36169,
1.63278,
2.06435,
2.72264,
5.31809,
3.35539,
2.934,
2.03437,
1.33834,
5.88905,
1.37991,
1.98343,
0.518509,
0.499622,
2.57929,
5.24402,
2.49227,
0.163876,
0.518652,
3.45377,
2.73838,
0.132443,
5.86273,
2.04592,
1.26731,
1.65361,
4.48204,
1.37923,
2.05611,
3.09029,
6.25926,
0.954459,
0.960805,
1.13479,
1.91225,
4.94182,
1.35913,
0.871934,
1.37934,
0.978822,
1.6342,
0.564046,
5.56489,
2.66716,
5.33254,
2.0696,
1.15546,
1.28262,
2.02307,
1.10968,
0.622223,
4.28675,
2.6599,
1.6135,
0.679204,
3.30613,
2.0406,
1.15007,
3.8733,
0.680786,
1.37665,
2.51178,
1.02422,
1.36349,
1.64807,
0.808769,
2.32462,
2.94938,
0.564393,
3.18724,
2.00292,
2.57477,
4.89078,
4.39143,
3.00729,
0.679695,
0.564702,
1.31965,
0.35852,
1.50539,
0.243552,
4.48707,
4.89361,
0.669982,
1.25741,
1.3616,
0.567017,
1.22894,
2.03169,
0.899226,
5.02735,
3.25745,
1.09498,
3.43428,
4.9378,
0.679343,
1.16214,
0.686188,
6.06329,
3.91585,
1.38322,
4.8575,
3.76718,
0.264481,
1.91844,
1.82603,
0.469636,
0.682779,
0.623089,
3.98632,
1.37,
0.635524,
2.06972,
1.38268,
2.64116,
5.23933,
2.76087,
4.97745,
3.33066,
7.63413,
2.45841,
2.36686,
1.35694,
4.93326,
2.48423,
5.96151,
0.601384,
2.07894,
1.56168,
1.38167,
6.26657,
0.46142,
3.75416,
3.17335,
2.35234,
0.693097,
3.13893,
4.95558,
3.13563,
1.57394,
2.71583,
5.65819,
1.68998,
2.65308,
1.27441,
1.91612,
0.109494,
2.03583,
0.622295,
5.69327,
0.943475,
2.5846,
1.33291,
1.2948,
4.88318,
6.41723,
5.27319,
3.09404,
0.269018,
0.468976,
4.00388,
0.364612,
1.5613,
0.978549,
0.469347,
0.97089,
5.5282,
1.7593,
6.95972,
5.54816,
1.29934,
0.652578,
0.975229,
3.83175,
3.79457,
0.462055,
2.74395,
3.27781,
2.74544,
1.25989,
0.663842,
0.967405,
2.04749,
0.285714,
1.21476,
1.04848,
1.14369,
6.50946,
6.2974,
2.47877,
4.85525,
5.22883,
2.00602,
0.79983,
0.816325,
5.79089,
2.69096,
0.663879,
3.07906,
4.7184,
1.14396,
4.35941,
7.08505,
0.948498,
5.14519,
1.81567,
1.38414,
6.42212,
0.565799,
2.70221,
5.55659,
1.37125,
2.60574,
1.57902,
5.31344,
1.24249,
2.04765,
5.75836,
2.02657,
0.649261,
4.91844,
4.38606,
0.459903,
2.67671,
0.680321,
0.620905,
1.66566,
3.54299,
0.468989,
0.648285,
2.03143,
0.282218,
2.70773,
2.75732,
3.29405,
5.54723,
1.96085,
0.683951,
0.661085,
0.323584,
3.36622,
2.18525,
1.96775,
2.63912,
0.68163,
3.35152,
0.683955,
0.59789,
1.8766,
1.48649,
0.956395,
2.03625,
5.36607,
3.25803,
0.460435,
2.02327,
5.40603,
3.05562,
0.952646,
4.18025,
2.68366,
0.680402,
1.3968,
1.29253,
1.9156,
7.24501,
2.69165,
0.259799,
1.82855,
0.204152,
4.00919,
2.03133,
3.38352,
3.9366,
6.27899,
0.0955953,
2.5244,
3.35829,
0.459181,
1.25239,
1.91591,
3.03922,
1.23649,
0.600302,
0.265177,
1.36445,
0.10085,
1.05891,
0.117356,
3.18933,
0.892639,
2.73025,
1.71981,
2.60226,
7.10614,
1.38157,
2.31719,
0.688724,
4.21436,
1.31478,
1.34713,
0.416405,
2.64213,
1.35032,
6.34725,
1.21793,
2.01185,
0.621319,
0.468947,
0.685805,
4.34105,
0.286601,
0.360593,
0.572183,
6.32685,
2.6826,
5.00683,
0.788333,
1.70722,
3.11227,
0.282076,
0.204264,
0.628356,
0.533358,
0.439946,
1.34518,
3.4516,
0.57206,
4.44834,
3.572,
2.64493,
1.58956,
1.94274,
0.602551,
0.277476,
3.16468,
0.285316,
2.67393,
0.979042,
1.81569,
0.673267,
2.04246,
0.58905,
0.472443,
0.468064,
3.44893,
0.977229,
1.35777,
1.99031,
0.237595,
1.2569,
1.09244,
3.44507,
0.713472,
0.69298,
2.75239,
5.0865,
0.657447,
3.99681,
2.70493,
0.96397,
0.292285,
3.07495,
1.33797,
1.38014,
3.65825,
5.48636,
1.12719,
0.656267,
1.30401,
2.05799,
1.00575,
3.37545,
0.348031,
0.413546,
0.628142,
1.61813,
5.16885,
2.6838,
2.67874,
1.76684,
0.79216,
6.55378,
1.11938,
2.75018,
5.55998,
3.24442,
0.664043,
4.84048,
2.7525,
2.89765,
0.0317124,
5.5117,
2.05381,
0.114902,
3.77893,
2.71425,
1.20055,
1.97828,
1.37076,
5.36754,
0.303342,
3.40534,
5.04267,
4.28306,
1.1893,
5.03866,
5.257,
0.973027,
5.43257,
1.90948,
7.12001,
1.6586,
1.91506,
4.99064,
2.34667,
2.05457,
1.29986,
1.66976,
1.10694,
0.595492,
1.87172,
1.15676,
1.85238,
0.727381,
5.45744,
5.0249,
0.348006,
2.03108,
5.52429,
1.99901,
2.36968,
1.26646,
4.01537,
0.975217,
3.932,
0.674617,
5.12671,
1.81087,
0.630143,
1.15893,
0.645027,
2.32916,
1.25483,
1.30436,
0.979606,
0.365854,
0.624861,
4.66815,
0.960218,
4.54107,
2.95053,
0.602719,
0.865475,
1.92853,
1.26034,
0.63787,
2.02656,
2.04751,
5.56704,
0.41606,
1.80972,
2.04234,
3.68108,
3.10154,
2.32557,
5.10656,
0.460136,
3.29091,
2.56717,
0.37104,
1.38197,
0.878621,
1.15058,
0.822623,
0.691979,
3.01884,
1.14594,
5.97832,
1.33807,
1.943,
0.41167,
3.92823,
2.67968,
0.921482,
1.37367,
2.02601,
0.564554,
1.37802,
1.15371,
0.562479,
0.682999,
1.37242,
2.15328,
1.86839,
0.650748,
1.02124,
0.159374,
2.70556,
4.85431,
7.44327,
5.3697,
0.678285,
0.68198,
3.7549,
0.681466,
0.977607,
0.129238,
3.9034,
2.03639,
3.15553,
2.05747,
0.268466,
1.30932,
1.3725,
0.188921,
6.18789,
0.688509,
0.812622,
2.90312,
1.23005,
2.6461,
2.91053,
4.60184,
0.68346,
5.17912,
0.651591,
2.07909,
0.927579,
4.33331,
1.58993,
6.32173,
2.75598,
6.07457,
1.15339,
2.05409,
0.692813,
0.944064,
2.68551,
2.06645,
0.565943,
2.87592,
3.39065,
1.22413,
1.95997,
1.3826,
3.46075,
3.40317,
1.18427,
5.79218,
0.228442,
5.30589,
2.52492,
2.03461,
1.35848,
1.24789,
0.963744,
1.26842,
3.70549,
0.277818,
2.62612,
1.14237,
2.54182,
6.23766,
1.33116,
2.50365,
2.03432,
0.973826,
5.2097,
2.04214,
2.71043,
1.14997,
4.66927,
4.11707,
1.83315,
1.69235,
4.8207,
1.14377,
0.45445,
1.14912,
5.20966,
4.76333,
2.58058,
3.88842,
0.627764,
0.892875,
0.663915,
1.99252,
1.93162,
4.91507,
2.14786,
2.47342,
0.691553,
1.36864,
1.35718,
0.453778,
3.5268,
2.17726,
0.39256,
1.84675,
0.652169,
1.25538,
5.36592,
1.96134,
0.206183,
3.33466,
2.25206,
1.46302,
1.25007,
2.59033,
6.25658,
4.66354,
3.85377,
2.01237,
1.99,
5.98567,
3.08765,
0.963992,
5.58124,
1.85245,
2.05349,
0.647725,
6.61895,
0.849479,
1.24257,
0.956939,
2.73024,
3.80031,
0.678987,
2.70526,
4.01192,
2.00235,
0.26612,
0.468426,
2.5862,
3.61073,
1.59698,
0.934249,
8.65534,
0.689037,
0.00852122,
2.93532,
2.69465,
0.3732,
1.3791,
0.62422,
0.678434,
1.36667,
1.33597,
0.965533,
0.56524,
5.94825,
0.742715,
3.46129,
2.66304,
1.01274,
0.651396,
0.591686,
1.37236,
0.237318,
3.51862,
0.626807,
0.935254,
0.681153,
5.56086,
0.636418,
1.30161,
2.16251,
0.660756,
5.07643,
2.60733,
0.65325,
3.44661,
2.01932,
1.38316,
4.31146,
0.664837,
0.690907,
2.46285,
3.24774,
0.279819,
6.48475,
2.33788,
2.02885,
3.41991,
1.37304,
1.93126,
3.46428,
4.83587,
1.2684,
0.721339,
0.238039,
1.82385,
3.19492,
2.73509,
1.98804,
0.673528,
4.74694,
2.29145,
0.19562,
0.465961,
2.07863,
5.58449,
4.88134,
1.15048,
0.669509,
5.63264,
2.68388,
1.3732,
0.628518,
1.91118,
1.99506,
2.05899,
2.06752,
5.44934,
2.69701,
2.76834,
0.461191,
3.94432,
1.37263,
1.12194,
0.262503,
3.44215,
0.692376,
4.85237,
1.31031,
0.125425,
3.48991,
7.15385,
1.20451,
2.02942,
0.556599,
2.07836,
1.26544,
0.688468,
1.61425,
2.75135,
0.855189,
0.888265,
5.52442,
4.84454,
0.284311,
2.14441,
3.82529,
6.54123,
0.805816,
2.7069,
3.46673,
3.45778,
3.42972,
1.31187,
0.570956,
1.26439,
0.415335,
0.683773,
0.531846,
2.32608,
1.8859,
0.0599762,
1.31715,
3.26734,
1.38301,
0.55775,
5.9198,
0.245549,
2.06176,
0.966215,
0.132984,
2.35078,
0.843179,
1.2988,
1.10533,
0.460509,
1.25114,
0.517022,
4.97793,
0.972567,
2.5229,
1.67226,
0.689321,
0.93802,
0.205868,
1.31334,
4.29684,
0.624466,
7.08411,
1.53564,
5.63367,
3.38854,
1.37941,
5.3301,
0.687929,
4.10132,
2.06372,
0.464551,
4.39186,
0.519814,
0.925827,
3.69697,
4.44142,
3.52579,
2.69164,
4.02203,
2.99032,
3.21561,
0.683532,
3.85584,
0.5809,
4.12816,
0.502932,
1.36658,
0.669637,
3.44603,
1.48618,
0.632934,
5.04083,
1.14606,
3.91185,
3.77986,
2.07595,
1.36874,
5.00707,
2.65166,
0.926678,
0.618574,
1.38358,
1.14324,
1.15822,
5.24734,
0.0909335,
0.660832,
3.49064,
2.0073,
0.413717,
1.32161,
3.49698,
3.27107,
0.686693,
0.200046,
3.87512,
1.18655,
1.9524,
1.1426,
0.682918,
1.79583,
3.97436,
1.19873,
1.21769,
3.40563,
1.85522,
5.06697,
2.69195,
1.1352,
0.955348,
3.39884,
0.629382,
0.648371,
0.913958,
2.01429,
4.25798,
0.97905,
3.37817,
0.280122,
0.224928,
0.690494,
2.02048,
0.661113,
2.07106,
0.508815,
0.594769,
3.8278,
0.624346,
5.03246,
4.78984,
3.39858,
0.27863,
0.460031,
2.05279,
3.66663,
2.47945,
2.02648,
5.06763,
5.29519,
3.20104,
0.955253,
6.5661,
1.36951,
1.92815,
0.949263,
1.85155,
1.32288,
1.66227,
4.85506,
2.24839,
0.463647,
0.656287,
4.00521,
7.62634,
6.48942,
2.0295,
2.2639,
0.110074,
0.684168,
0.191042,
4.89992,
0.0558373,
4.70445,
0.183454,
0.665317,
2.03796,
0.872069,
1.38092,
2.02055,
0.373301,
4.86343,
1.52974,
0.960438,
1.32961,
2.71186,
1.37002,
5.5583,
2.04513,
0.608622,
0.463462,
3.29689,
0.690405,
3.87316,
1.09833,
1.31943,
1.70711,
3.54288,
1.946,
2.7124,
0.751853,
3.41164,
0.692099,
2.10203,
3.31774,
4.98079,
0.972979,
6.68201,
1.81115,
2.46927,
1.37911,
0.436108,
0.670274,
5.65128,
0.603594,
3.30276,
1.14963,
0.691773,
2.86868,
3.70335,
4.86047,
6.25674,
0.654003,
0.788607,
2.74493,
2.02448,
0.534972,
2.02446,
0.930932,
6.83139,
0.898936,
1.36526,
0.639109,
7.80207,
1.37129,
5.68134,
0.467308,
3.42198,
0.562199,
2.65518,
1.69198,
0.109659,
1.97539,
0.363452,
4.25032,
4.86185,
0.603393,
0.518853,
4.00074,
2.63105,
0.681122,
0.786038,
5.28263,
1.14033,
3.04072,
1.61208,
0.569252,
3.21156,
1.34969,
4.27029,
0.977739,
0.359248,
2.7027,
0.444809,
2.32148,
1.96358,
0.63762,
2.74241,
4.88393,
1.19663,
4.55566,
0.400688,
0.41425,
1.48727,
0.277595,
3.96999,
0.711349,
0.279581,
0.568314,
1.15409,
1.36135,
2.00831,
3.90507,
1.26533,
0.972829,
1.66329,
1.99226,
0.0817051,
1.37476,
2.01965,
2.06967,
4.85737,
3.20365,
3.32628,
4.07429,
0.623701,
3.2523,
4.09675,
0.564312,
5.68919,
0.680408,
0.632016,
0.447409,
0.202393,
6.64636,
5.22335,
0.621394,
0.284923,
0.424198,
0.333596,
2.17084,
1.11869,
2.29169,
0.867678,
3.32184,
3.35491,
1.74678,
2.0629,
5.46917,
0.283956,
4.95367,
0.692113,
2.05521,
2.02047,
0.199115,
1.37967,
0.604569,
6.29825,
3.05531,
2.32333,
0.514661,
4.72802,
3.80607,
4.17197,
0.460393,
3.30453,
0.350779,
0.622985,
2.12756,
0.960909,
4.32967,
0.119393,
3.28196,
2.69574,
1.61534,
2.73486,
2.18638,
4.94981,
1.53895,
5.40865,
0.619142,
0.686695,
3.65051,
3.04928,
1.25705,
1.35741,
3.31195,
3.01463,
5.39784,
3.55138,
3.04423,
3.79277,
10.2635,
0.245715,
1.79362,
5.25082,
0.689218,
5.58971,
1.35581,
1.35556,
0.685447,
2.47943,
3.55038,
2.00763,
0.3097,
2.05532,
0.685237,
3.63869,
4.54279,
6.90721,
2.50683,
6.35527,
2.67186,
2.99675,
1.36783,
4.53625,
5.49276,
2.03845,
3.88877,
0.68903,
1.3126,
0.421473,
3.33277,
1.1609,
1.32391,
0.206441,
1.36331,
3.53318,
1.11197,
2.75545,
7.21023,
1.81531,
0.115731,
0.638759,
0.865403,
5.65141,
1.97463,
6.6293,
0.414193,
1.13923,
0.451332,
2.76543,
1.62841,
1.64598,
0.459037,
2.70502,
1.3601,
1.05065,
2.49145,
1.8088,
1.14817,
0.564421,
2.03027,
0.466808,
2.73942,
0.515557,
0.943508,
4.89604,
0.373532,
5.48227,
2.73628,
1.34501,
4.48846,
2.3605,
3.27798,
2.57447,
2.56926,
2.03389,
1.7029,
1.14925,
1.27984,
0.627414,
1.38363,
6.24279,
5.77634,
0.43577,
0.551473,
3.35883,
3.30191,
1.31593,
0.666637,
5.00102,
2.70722,
3.03922,
0.626366,
5.44629,
3.87627,
1.54547,
0.437663,
3.34266,
5.10278,
0.504725,
4.26529,
4.90565,
0.68543,
3.33187,
0.540557,
1.35243,
0.465568,
0.679648,
5.37711,
4.24711,
0.255216,
0.555523,
0.681755,
1.35896,
7.8361,
2.31433,
1.63717,
0.653525,
0.621731,
2.04525,
1.20172,
5.49255,
0.560613,
1.43206,
3.44241,
6.34887,
0.8535,
3.96428,
0.681798,
3.03481,
2.04282,
2.33373,
1.18949,
1.1024,
7.4276,
2.55141,
1.29109,
1.65538,
0.462369,
1.24935,
6.51929,
5.20264,
2.02506,
1.93614,
1.64392,
2.704,
1.0595,
1.50245,
5.46369,
2.05693,
2.7675,
0.916601,
2.30807,
1.83964,
2.7318,
0.654755,
3.41471,
0.546773,
1.37493,
0.245746,
0.975435,
2.33833,
1.14359,
0.573247,
1.3423,
0.961665,
0.65214,
0.683394,
5.64576,
1.83667,
1.73196,
1.99226,
3.13848,
3.94045,
2.06663,
2.68824,
0.681235,
0.370791,
0.207618,
0.678223,
3.6752,
0.641623,
1.37819,
0.651521,
5.9092,
1.91281,
1.37984,
1.24708,
1.38263,
4.05092,
0.42087,
1.96989,
1.94352,
0.652454,
1.9828,
1.26178,
5.31275,
0.97707,
2.28842,
5.29746,
4.38368,
0.466587,
2.81021,
4.80841,
0.618722,
0.585619,
4.41019,
1.33463,
0.44164,
0.468509,
2.0467,
1.32828,
1.3722,
0.67789,
6.61735,
2.67297,
0.629427,
1.80519,
1.95638,
5.58366,
0.671593,
0.936147,
1.32197,
0.568263,
5.21125,
1.09209,
2.47413,
4.38327,
0.690059,
1.67134,
0.648019,
0.897863,
0.185762,
0.258197,
0.649623,
2.03585,
1.25416,
1.17359,
0.386677,
4.93358,
1.09793,
1.00809,
5.54706,
8.3965,
3.78345,
2.10207,
5.31433,
0.684708,
0.674036,
2.03444,
4.79959,
0.537604,
0.691401,
4.80932,
3.7542,
0.36173,
3.2866,
2.06318,
2.6197,
0.685064,
3.95474,
1.05958,
2.17575,
2.48124,
2.04637,
0.618251,
0.182131,
2.71218,
6.14413,
1.37787,
7.82894,
2.56305,
3.37682,
3.3588,
5.16615,
0.538878,
2.51918,
2.84717,
3.37919,
0.96832,
0.118204,
1.33898,
5.02401,
2.47729,
0.978491,
1.10266,
1.83875,
2.01542,
4.4275,
2.14759,
8.48392,
3.44665,
5.41664,
1.98628,
2.13832,
2.05125,
1.26388,
1.92348,
1.15808,
6.19036,
1.11652,
0.607999,
0.216014,
0.574891,
0.389738,
4.92366,
0.686332,
3.09535,
1.82771,
0.132335,
1.383,
1.92133,
2.08537,
1.51646,
6.44898,
3.82227,
0.691344,
1.37466,
0.458655,
2.61722,
3.43973,
0.258439,
6.60204,
4.21157,
1.38313,
1.36602,
3.69598,
3.21722,
8.23366,
1.48405,
0.567184,
0.963926,
0.239592,
0.573055,
1.26549,
3.06137,
2.05634,
2.6215,
0.980171,
2.7342,
4.05008,
2.91247,
1.36166,
2.1632,
1.62664,
6.44652,
1.31329,
0.653291,
5.2425,
0.685259,
2.05524,
1.35523,
2.58747,
0.125899,
3.49482,
2.70716,
0.13347,
1.36262,
0.616753,
1.58005,
2.18764,
6.04903,
1.72708,
0.652403,
2.18543,
4.25661,
5.04374,
2.16791,
5.20316,
1.30341,
4.17859,
3.59639,
2.05253,
8.46429,
0.957213,
3.90235,
0.795989,
0.469354,
0.539136,
0.469948,
0.681313,
0.625529,
2.01225,
0.683401,
1.1426,
4.19158,
1.30861,
1.17289,
0.514242,
1.06763,
0.199733,
0.653595,
3.33249,
0.822572,
1.84733,
2.88737,
2.24517,
0.969393,
2.02151,
1.2561,
2.48869,
1.02676,
4.20879,
0.419989,
3.06961,
1.07704,
0.35957,
0.627758,
1.36794,
3.67628,
3.62131,
1.34068,
0.688461,
2.05914,
0.647813,
1.30094,
2.75646,
0.461171,
1.26751,
0.859285,
0.282707,
1.51637,
0.440471,
5.14721,
5.53523,
0.89903,
1.24113,
4.9203,
2.66027,
4.38444,
0.456916,
2.70498,
0.566739,
1.11093,
2.69355,
2.71065,
1.25936,
6.44109,
3.32193,
1.99857,
6.37916,
1.26081,
2.61505,
2.87923,
6.52066,
5.72437,
5.47477,
3.26774,
3.20521,
1.81634,
1.11114,
0.88524,
1.8343,
4.44473,
0.565817,
5.01735,
0.566041,
1.93095,
1.97782,
2.91596,
0.285004,
2.05058,
1.36957,
2.30614,
2.63141,
1.14265,
2.56596,
1.97215,
1.92189,
2.72788,
1.97083,
0.566756,
0.369524,
0.106477,
3.8134,
5.47513,
2.6911,
0.32439,
1.57185,
0.678461,
5.00516,
1.80595,
0.283595,
0.0588071,
0.414104,
3.7842,
1.3666,
0.946937,
1.83586,
1.36019,
1.10687,
5.1786,
3.48704,
0.463942,
0.51098,
1.5693,
0.661616,
0.276048,
2.87469,
3.02505,
3.66578,
2.90741,
2.29686,
1.36939,
5.44448,
8.37217,
1.32597,
0.462621,
1.25637,
6.0261,
0.947358,
1.69264,
4.06758,
4.05268,
0.563325,
0.237758,
1.22851,
0.565413,
1.66792,
5.04211,
0.284266,
2.7303,
0.652612,
6.04038,
0.685495,
0.69232,
2.08442,
2.0315,
4.47373,
2.63288,
1.6642,
2.07194,
1.2721,
0.460665,
2.05704,
4.89136,
0.245844,
0.449386,
2.43196,
0.663074,
3.22911,
2.1468,
8.95919,
2.88054,
4.11901,
4.86689,
1.24282,
3.29073,
0.169885,
5.20113,
2.03265,
0.209244,
3.26888,
0.698921,
1.8284,
1.26694,
2.77875,
1.25866,
0.572753,
4.94492,
2.07476,
4.43194,
0.651149,
0.664176,
0.630635,
1.83252,
0.662088,
4.4386,
4.98753,
0.667097,
0.415082,
4.01079,
3.91493,
1.20165,
1.31244,
3.54317,
0.769122,
1.61243,
0.661355,
1.16636,
5.72325,
1.26369,
5.57911,
0.689802,
2.5858,
2.04167,
2.56718,
2.67273,
3.02286,
1.14262,
2.05586,
6.6272,
0.576826,
2.67107,
0.942475,
1.36374,
1.78343,
4.37748,
2.9723,
0.597354,
3.76517,
6.77759,
1.22227,
3.88966,
1.06899,
0.8997,
3.61522,
0.648638,
3.45052,
3.13736,
0.664016,
4.56375,
5.05194,
1.05173,
2.54408,
5.37396,
0.934357,
2.30935,
1.16302,
5.43851,
0.194962,
3.92932,
1.32334,
5.30665,
2.74618,
1.31266,
2.02453,
3.29855,
2.04991,
7.54186,
0.594814,
2.99119,
2.72192,
0.102724,
6.30915,
5.26488,
4.43288,
6.24205,
2.73843,
1.36911,
4.98815,
1.37372,
1.64065,
5.16159,
0.68045,
2.90709,
0.689307,
0.960918,
4.37707,
2.03075,
2.74505,
0.40465,
4.92341,
2.33428,
5.87722,
0.284077,
0.813161,
3.16125,
2.6991,
3.24582,
1.15413,
1.36576,
4.32863,
0.679626,
2.30883,
0.692074,
5.73751,
1.74472,
2.45818,
1.31393,
1.2596,
0.797922,
1.80851,
1.71793,
4.85564,
1.16074,
0.685199,
4.90677,
2.07941,
1.38512,
2.07726,
3.32,
6.39138,
0.679299,
2.66645,
3.57285,
3.76134,
1.99476,
0.687927,
0.0814629,
0.250203,
1.90968,
4.31362,
5.08838,
1.62706,
1.35666,
1.59284,
4.20762,
0.449565,
0.573766,
1.29819,
1.51684,
2.3064,
0.467607,
1.35112,
1.99735,
1.36752,
2.72635,
7.17184,
4.60172,
0.109127,
1.29893,
5.53865,
2.0509,
2.68499,
2.65815,
4.81362,
2.82745,
0.200966,
0.49488,
3.4107,
2.04052,
3.85404,
2.02632,
1.38628,
0.918452,
4.89193,
1.05269,
0.198021,
0.281039,
4.16327,
3.6163,
1.8938,
2.53153,
1.34585,
5.13483,
2.67278,
4.11698,
2.72382,
1.50976,
1.37578,
2.73663,
2.35098,
4.97222,
7.60842,
2.70422,
0.975983,
1.35496,
3.34761,
2.03582,
0.65076,
0.61881,
2.75825,
1.0061,
2.50683,
1.56875,
0.752397,
1.09527,
0.86,
5.88189,
7.11184,
2.72039,
2.06055,
0.508268,
2.67329,
2.49959,
5.2471,
3.92792,
1.89558,
7.45887,
0.691614,
1.11693,
1.99801,
3.77635,
0.867291,
2.98752,
2.07726,
1.33167,
0.662574,
1.33629,
0.688001,
1.37774,
5.38527,
0.625798,
0.939713,
1.36662,
0.247098,
1.78328,
0.22242,
5.39468,
6.25087,
1.83981,
2.06265,
2.02486,
0.647694,
4.28211,
0.561965,
1.93016,
0.469744,
5.72384,
0.451333,
1.99192,
6.40223,
1.13903,
2.03218,
0.615211,
0.409592,
0.454364,
6.21325,
0.0293612,
0.27076,
1.90514,
2.05228,
3.07277,
0.690524,
0.623231,
1.89073,
5.05046,
2.29503,
2.24375,
2.48777,
13.3282,
1.22321,
0.933471,
2.93608,
4.94968,
1.65245,
0.616872,
5.10702,
1.3254,
2.65855,
0.366615,
7.70186,
0.971743,
2.0384,
1.15031,
0.420642,
3.141,
2.16935,
6.53578,
1.38001,
5.90728,
3.68571,
0.679926,
0.56782,
1.19106,
1.84365,
2.69658,
6.36593,
5.56079,
5.36918,
1.34897,
0.628455,
2.05198,
0.469259,
2.70248,
2.1167,
5.83289,
3.34799,
0.260338,
0.505055,
0.125965,
1.04631,
3.31441,
1.32019,
1.59708,
5.3344,
0.690762,
0.9651,
0.940958,
0.479596,
1.2508,
0.962548,
1.82703,
1.28986,
0.283215,
0.787,
1.30533,
2.35779,
1.75759,
0.545049,
3.83015,
2.77034,
2.05069,
1.23092,
3.43869,
2.05389,
2.16608,
2.716,
0.673181,
3.0913,
1.64684,
0.280216,
1.93923,
2.05707,
3.79043,
3.21648,
2.68266,
0.574666,
4.91524,
4.13298,
4.60599,
8.5585,
5.00217,
2.74417,
3.43602,
5.22011,
3.91047,
2.54866,
3.46759,
0.258982,
4.57749,
4.71294,
2.03971,
0.692433,
2.68623,
5.48245,
2.0607,
2.32374,
0.439919,
2.73257,
2.02608,
0.369491,
1.87625,
0.503088,
1.36901,
1.83401,
0.665462,
2.657,
2.07468,
5.49436,
1.86915,
0.0403024,
1.2227,
0.864306,
0.561046,
2.59606,
0.683361,
2.05693,
4.47039,
2.49199,
0.205038,
0.569818,
6.11364,
5.84282,
1.95601,
0.92631,
2.05415,
3.28822,
1.9228,
0.971873,
0.279848,
1.02762,
0.824891,
0.371562,
3.32519,
1.36239,
3.83069,
0.977823,
1.34422,
3.84365,
2.52267,
0.243291,
0.462986,
0.627234,
1.89454,
2.32299,
4.75405,
1.67103,
1.37003,
1.71012,
2.05926,
4.88452,
2.8011,
3.14762,
3.14368,
2.71775,
0.690877,
5.23613,
0.900268,
2.00978,
1.36859,
1.37434,
4.15799,
2.73862,
0.454504,
1.82876,
2.61909,
3.24948,
0.437597,
0.972417,
4.85942,
0.466233,
0.618514,
0.281106,
2.24896,
0.425261,
1.50222,
2.66905,
0.680713,
5.1192,
1.3294,
0.690311,
2.9417,
2.04007,
0.622366,
1.32732,
0.754372,
3.45943,
1.98455,
6.5302,
2.06624,
2.06653,
0.36533,
1.36156,
5.45765,
4.07126,
1.37975,
0.202777,
0.936082,
2.07547,
7.24942,
5.22132,
0.122725,
2.75976,
5.79179,
5.42675,
0.541014,
1.49813,
1.75977,
2.58086,
1.93169,
1.56501,
0.686582,
0.608928,
0.511711,
1.10466,
3.42797,
1.25159,
1.13984,
1.40598,
4.85349,
1.3558,
3.19384,
1.76738,
1.12355,
4.09351,
2.05306,
3.28934,
5.3175,
1.99926,
1.50406